[07:40:09.959] [INFO] Storybook upgrade - v10.6.0-beta.0
[07:40:09.961] [INFO] Detecting projects...
[07:40:09.961] [DEBUG] Finding Storybook projects...
[07:40:10.189] [DEBUG] Found 1 Storybook projects
[07:40:10.190] [INFO] Detecting projects: 1 projects
[07:40:10.190] [DEBUG] Getting Storybook data...
[07:40:10.190] [DEBUG] Getting Storybook info...
[07:40:10.315] [DEBUG] Getting stories paths...
[07:40:10.354] [DEBUG] Getting package manager...
[07:40:10.901] [DEBUG] Getting package.json info for /tmp/qa-10.6/bitwarden/package.json...
[07:40:10.901] [DEBUG] Getting Storybook version...
[07:40:10.902] [DEBUG] Detecting CSF factory usage...
[07:40:10.920] [DEBUG] /.storybook - Validating before version... 10.3.6
[07:40:10.920] [DEBUG] /.storybook - Validating upgrade compatibility...
[07:40:10.920] [DEBUG] /.storybook - Fetching NPM version information...
[07:40:10.920] [DEBUG] Getting CLI versions from NPM for storybook...
[07:40:10.920] [DEBUG] Executing command: npm info storybook version
[07:40:10.926] [DEBUG] Getting CLI versions from NPM for storybook@next...
[07:40:10.926] [DEBUG] Executing command: npm info storybook@next version
[07:40:11.323] [DEBUG] /.storybook - Evaluating blockers...
[07:40:11.328] [DEBUG] Getting installed version for @storybook/experimental-addon-test...
[07:40:11.330] [DEBUG] Executing command: npm ls --json --depth=99
[07:40:12.970] [DEBUG] Executing command: npm ls --json --depth=0
[07:40:14.384] [DEBUG] No installations found for @storybook/experimental-addon-test
[07:40:14.384] [INFO] 1 project detected
[07:40:14.384] [DEBUG] Found 1 valid projects and 0 error projects
[07:40:14.384] [INFO] Upgrading from 10.3.6 to 10.6.0-beta.0
[07:40:14.384] [DEBUG] Executing command: npm config get min-release-age --workspaces=false --include-workspace-root
[07:40:14.469] [DEBUG] Updating dependencies in /.storybook...
[07:40:14.469] [INFO] /package.json
/libs/vault/package.json
/libs/tools/send/send-ui/package.json
/libs/subscription/package.json
/libs/storybook/package.json
/libs/pricing/package.json
/libs/dirt/card/package.json
/libs/components/package.json
/libs/auth/package.json
/libs/angular/package.json
/apps/web/package.json
/apps/browser/package.json
[07:40:14.470] [DEBUG] Using cached package.json for /tmp/qa-10.6/bitwarden/package.json...
[07:40:14.470] [DEBUG] Getting CLI versions from NPM for @storybook/addon-designs@next...
[07:40:14.470] [DEBUG] Executing command: npm info @storybook/addon-designs@next version
[07:40:14.473] [DEBUG] Getting CLI versions from NPM for @storybook/test-runner@next...
[07:40:14.473] [DEBUG] Executing command: npm info @storybook/test-runner@next version
[07:40:14.819] [DEBUG] {
  "upgradedDependencies": []
}
[07:40:14.819] [DEBUG] {
  "upgradedDevDependencies": [
    "@storybook/addon-a11y@10.6.0-beta.0",
    "@storybook/addon-docs@10.6.0-beta.0",
    "@storybook/addon-links@10.6.0-beta.0",
    "@storybook/addon-themes@10.6.0-beta.0",
    "@storybook/angular@10.6.0-beta.0",
    "@storybook/web-components-vite@10.6.0-beta.0",
    "eslint-plugin-storybook@10.6.0-beta.0",
    "storybook@10.6.0-beta.0",
    "@storybook/addon-designs@11.0.0-next.0",
    "@storybook/test-runner@0.24.5-next.0"
  ]
}
[07:40:14.819] [DEBUG] {
  "upgradedPeerDependencies": []
}
[07:40:14.819] [DEBUG] Getting package.json info for /tmp/qa-10.6/bitwarden/package.json...
[07:40:14.819] [DEBUG] Using cached package.json for /tmp/qa-10.6/bitwarden/package.json...
[07:40:14.819] [DEBUG] Using cached package.json for /tmp/qa-10.6/bitwarden/package.json...
[07:40:14.819] [DEBUG] Getting package.json info for /tmp/qa-10.6/bitwarden/package.json...
[07:40:14.819] [DEBUG] Using cached package.json for /tmp/qa-10.6/bitwarden/package.json...
[07:40:14.819] [DEBUG] Using cached package.json for /tmp/qa-10.6/bitwarden/package.json...
[07:40:14.819] [DEBUG] Getting package.json info for /tmp/qa-10.6/bitwarden/package.json...
[07:40:14.819] [DEBUG] Using cached package.json for /tmp/qa-10.6/bitwarden/package.json...
[07:40:14.819] [DEBUG] Using cached package.json for /tmp/qa-10.6/bitwarden/package.json...
[07:40:14.820] [DEBUG] Using cached package.json for /tmp/qa-10.6/bitwarden/libs/vault/package.json...
[07:40:14.820] [DEBUG] {
  "upgradedDependencies": []
}
[07:40:14.820] [DEBUG] {
  "upgradedDevDependencies": []
}
[07:40:14.820] [DEBUG] {
  "upgradedPeerDependencies": []
}
[07:40:14.820] [DEBUG] Getting package.json info for /tmp/qa-10.6/bitwarden/libs/vault/package.json...
[07:40:14.820] [DEBUG] Using cached package.json for /tmp/qa-10.6/bitwarden/libs/vault/package.json...
[07:40:14.820] [DEBUG] Using cached package.json for /tmp/qa-10.6/bitwarden/libs/vault/package.json...
[07:40:14.820] [DEBUG] Getting package.json info for /tmp/qa-10.6/bitwarden/libs/vault/package.json...
[07:40:14.820] [DEBUG] Using cached package.json for /tmp/qa-10.6/bitwarden/libs/vault/package.json...
[07:40:14.820] [DEBUG] Using cached package.json for /tmp/qa-10.6/bitwarden/libs/vault/package.json...
[07:40:14.820] [DEBUG] Getting package.json info for /tmp/qa-10.6/bitwarden/libs/vault/package.json...
[07:40:14.820] [DEBUG] Using cached package.json for /tmp/qa-10.6/bitwarden/libs/vault/package.json...
[07:40:14.820] [DEBUG] Using cached package.json for /tmp/qa-10.6/bitwarden/libs/vault/package.json...
[07:40:14.820] [DEBUG] Using cached package.json for /tmp/qa-10.6/bitwarden/libs/tools/send/send-ui/package.json...
[07:40:14.820] [DEBUG] {
  "upgradedDependencies": []
}
[07:40:14.820] [DEBUG] {
  "upgradedDevDependencies": []
}
[07:40:14.820] [DEBUG] {
  "upgradedPeerDependencies": []
}
[07:40:14.820] [DEBUG] Getting package.json info for /tmp/qa-10.6/bitwarden/libs/tools/send/send-ui/package.json...
[07:40:14.820] [DEBUG] Using cached package.json for /tmp/qa-10.6/bitwarden/libs/tools/send/send-ui/package.json...
[07:40:14.820] [DEBUG] Using cached package.json for /tmp/qa-10.6/bitwarden/libs/tools/send/send-ui/package.json...
[07:40:14.820] [DEBUG] Getting package.json info for /tmp/qa-10.6/bitwarden/libs/tools/send/send-ui/package.json...
[07:40:14.820] [DEBUG] Using cached package.json for /tmp/qa-10.6/bitwarden/libs/tools/send/send-ui/package.json...
[07:40:14.820] [DEBUG] Using cached package.json for /tmp/qa-10.6/bitwarden/libs/tools/send/send-ui/package.json...
[07:40:14.820] [DEBUG] Getting package.json info for /tmp/qa-10.6/bitwarden/libs/tools/send/send-ui/package.json...
[07:40:14.820] [DEBUG] Using cached package.json for /tmp/qa-10.6/bitwarden/libs/tools/send/send-ui/package.json...
[07:40:14.820] [DEBUG] Using cached package.json for /tmp/qa-10.6/bitwarden/libs/tools/send/send-ui/package.json...
[07:40:14.820] [DEBUG] Using cached package.json for /tmp/qa-10.6/bitwarden/libs/subscription/package.json...
[07:40:14.820] [DEBUG] {
  "upgradedDependencies": []
}
[07:40:14.820] [DEBUG] {
  "upgradedDevDependencies": []
}
[07:40:14.820] [DEBUG] {
  "upgradedPeerDependencies": []
}
[07:40:14.820] [DEBUG] Getting package.json info for /tmp/qa-10.6/bitwarden/libs/subscription/package.json...
[07:40:14.820] [DEBUG] Using cached package.json for /tmp/qa-10.6/bitwarden/libs/subscription/package.json...
[07:40:14.820] [DEBUG] Using cached package.json for /tmp/qa-10.6/bitwarden/libs/subscription/package.json...
[07:40:14.820] [DEBUG] Getting package.json info for /tmp/qa-10.6/bitwarden/libs/subscription/package.json...
[07:40:14.820] [DEBUG] Using cached package.json for /tmp/qa-10.6/bitwarden/libs/subscription/package.json...
[07:40:14.820] [DEBUG] Using cached package.json for /tmp/qa-10.6/bitwarden/libs/subscription/package.json...
[07:40:14.820] [DEBUG] Getting package.json info for /tmp/qa-10.6/bitwarden/libs/subscription/package.json...
[07:40:14.820] [DEBUG] Using cached package.json for /tmp/qa-10.6/bitwarden/libs/subscription/package.json...
[07:40:14.820] [DEBUG] Using cached package.json for /tmp/qa-10.6/bitwarden/libs/subscription/package.json...
[07:40:14.820] [DEBUG] Using cached package.json for /tmp/qa-10.6/bitwarden/libs/storybook/package.json...
[07:40:14.820] [DEBUG] {
  "upgradedDependencies": []
}
[07:40:14.820] [DEBUG] {
  "upgradedDevDependencies": []
}
[07:40:14.820] [DEBUG] {
  "upgradedPeerDependencies": []
}
[07:40:14.820] [DEBUG] Getting package.json info for /tmp/qa-10.6/bitwarden/libs/storybook/package.json...
[07:40:14.820] [DEBUG] Using cached package.json for /tmp/qa-10.6/bitwarden/libs/storybook/package.json...
[07:40:14.820] [DEBUG] Using cached package.json for /tmp/qa-10.6/bitwarden/libs/storybook/package.json...
[07:40:14.821] [DEBUG] Getting package.json info for /tmp/qa-10.6/bitwarden/libs/storybook/package.json...
[07:40:14.821] [DEBUG] Using cached package.json for /tmp/qa-10.6/bitwarden/libs/storybook/package.json...
[07:40:14.821] [DEBUG] Using cached package.json for /tmp/qa-10.6/bitwarden/libs/storybook/package.json...
[07:40:14.821] [DEBUG] Getting package.json info for /tmp/qa-10.6/bitwarden/libs/storybook/package.json...
[07:40:14.821] [DEBUG] Using cached package.json for /tmp/qa-10.6/bitwarden/libs/storybook/package.json...
[07:40:14.821] [DEBUG] Using cached package.json for /tmp/qa-10.6/bitwarden/libs/storybook/package.json...
[07:40:14.821] [DEBUG] Using cached package.json for /tmp/qa-10.6/bitwarden/libs/pricing/package.json...
[07:40:14.821] [DEBUG] {
  "upgradedDependencies": []
}
[07:40:14.821] [DEBUG] {
  "upgradedDevDependencies": []
}
[07:40:14.821] [DEBUG] {
  "upgradedPeerDependencies": []
}
[07:40:14.821] [DEBUG] Getting package.json info for /tmp/qa-10.6/bitwarden/libs/pricing/package.json...
[07:40:14.821] [DEBUG] Using cached package.json for /tmp/qa-10.6/bitwarden/libs/pricing/package.json...
[07:40:14.821] [DEBUG] Using cached package.json for /tmp/qa-10.6/bitwarden/libs/pricing/package.json...
[07:40:14.821] [DEBUG] Getting package.json info for /tmp/qa-10.6/bitwarden/libs/pricing/package.json...
[07:40:14.821] [DEBUG] Using cached package.json for /tmp/qa-10.6/bitwarden/libs/pricing/package.json...
[07:40:14.821] [DEBUG] Using cached package.json for /tmp/qa-10.6/bitwarden/libs/pricing/package.json...
[07:40:14.821] [DEBUG] Getting package.json info for /tmp/qa-10.6/bitwarden/libs/pricing/package.json...
[07:40:14.821] [DEBUG] Using cached package.json for /tmp/qa-10.6/bitwarden/libs/pricing/package.json...
[07:40:14.821] [DEBUG] Using cached package.json for /tmp/qa-10.6/bitwarden/libs/pricing/package.json...
[07:40:14.821] [DEBUG] Using cached package.json for /tmp/qa-10.6/bitwarden/libs/dirt/card/package.json...
[07:40:14.821] [DEBUG] {
  "upgradedDependencies": []
}
[07:40:14.821] [DEBUG] {
  "upgradedDevDependencies": []
}
[07:40:14.821] [DEBUG] {
  "upgradedPeerDependencies": []
}
[07:40:14.821] [DEBUG] Getting package.json info for /tmp/qa-10.6/bitwarden/libs/dirt/card/package.json...
[07:40:14.821] [DEBUG] Using cached package.json for /tmp/qa-10.6/bitwarden/libs/dirt/card/package.json...
[07:40:14.821] [DEBUG] Using cached package.json for /tmp/qa-10.6/bitwarden/libs/dirt/card/package.json...
[07:40:14.821] [DEBUG] Getting package.json info for /tmp/qa-10.6/bitwarden/libs/dirt/card/package.json...
[07:40:14.821] [DEBUG] Using cached package.json for /tmp/qa-10.6/bitwarden/libs/dirt/card/package.json...
[07:40:14.821] [DEBUG] Using cached package.json for /tmp/qa-10.6/bitwarden/libs/dirt/card/package.json...
[07:40:14.821] [DEBUG] Getting package.json info for /tmp/qa-10.6/bitwarden/libs/dirt/card/package.json...
[07:40:14.821] [DEBUG] Using cached package.json for /tmp/qa-10.6/bitwarden/libs/dirt/card/package.json...
[07:40:14.821] [DEBUG] Using cached package.json for /tmp/qa-10.6/bitwarden/libs/dirt/card/package.json...
[07:40:14.821] [DEBUG] Using cached package.json for /tmp/qa-10.6/bitwarden/libs/components/package.json...
[07:40:14.821] [DEBUG] {
  "upgradedDependencies": []
}
[07:40:14.821] [DEBUG] {
  "upgradedDevDependencies": []
}
[07:40:14.821] [DEBUG] {
  "upgradedPeerDependencies": []
}
[07:40:14.821] [DEBUG] Getting package.json info for /tmp/qa-10.6/bitwarden/libs/components/package.json...
[07:40:14.821] [DEBUG] Using cached package.json for /tmp/qa-10.6/bitwarden/libs/components/package.json...
[07:40:14.821] [DEBUG] Using cached package.json for /tmp/qa-10.6/bitwarden/libs/components/package.json...
[07:40:14.821] [DEBUG] Getting package.json info for /tmp/qa-10.6/bitwarden/libs/components/package.json...
[07:40:14.821] [DEBUG] Using cached package.json for /tmp/qa-10.6/bitwarden/libs/components/package.json...
[07:40:14.821] [DEBUG] Using cached package.json for /tmp/qa-10.6/bitwarden/libs/components/package.json...
[07:40:14.821] [DEBUG] Getting package.json info for /tmp/qa-10.6/bitwarden/libs/components/package.json...
[07:40:14.821] [DEBUG] Using cached package.json for /tmp/qa-10.6/bitwarden/libs/components/package.json...
[07:40:14.821] [DEBUG] Using cached package.json for /tmp/qa-10.6/bitwarden/libs/components/package.json...
[07:40:14.821] [DEBUG] Using cached package.json for /tmp/qa-10.6/bitwarden/libs/auth/package.json...
[07:40:14.821] [DEBUG] {
  "upgradedDependencies": []
}
[07:40:14.821] [DEBUG] {
  "upgradedDevDependencies": []
}
[07:40:14.821] [DEBUG] {
  "upgradedPeerDependencies": []
}
[07:40:14.821] [DEBUG] Getting package.json info for /tmp/qa-10.6/bitwarden/libs/auth/package.json...
[07:40:14.821] [DEBUG] Using cached package.json for /tmp/qa-10.6/bitwarden/libs/auth/package.json...
[07:40:14.821] [DEBUG] Using cached package.json for /tmp/qa-10.6/bitwarden/libs/auth/package.json...
[07:40:14.821] [DEBUG] Getting package.json info for /tmp/qa-10.6/bitwarden/libs/auth/package.json...
[07:40:14.821] [DEBUG] Using cached package.json for /tmp/qa-10.6/bitwarden/libs/auth/package.json...
[07:40:14.821] [DEBUG] Using cached package.json for /tmp/qa-10.6/bitwarden/libs/auth/package.json...
[07:40:14.821] [DEBUG] Getting package.json info for /tmp/qa-10.6/bitwarden/libs/auth/package.json...
[07:40:14.821] [DEBUG] Using cached package.json for /tmp/qa-10.6/bitwarden/libs/auth/package.json...
[07:40:14.821] [DEBUG] Using cached package.json for /tmp/qa-10.6/bitwarden/libs/auth/package.json...
[07:40:14.821] [DEBUG] Using cached package.json for /tmp/qa-10.6/bitwarden/libs/angular/package.json...
[07:40:14.821] [DEBUG] {
  "upgradedDependencies": []
}
[07:40:14.821] [DEBUG] {
  "upgradedDevDependencies": []
}
[07:40:14.821] [DEBUG] {
  "upgradedPeerDependencies": []
}
[07:40:14.821] [DEBUG] Getting package.json info for /tmp/qa-10.6/bitwarden/libs/angular/package.json...
[07:40:14.821] [DEBUG] Using cached package.json for /tmp/qa-10.6/bitwarden/libs/angular/package.json...
[07:40:14.821] [DEBUG] Using cached package.json for /tmp/qa-10.6/bitwarden/libs/angular/package.json...
[07:40:14.821] [DEBUG] Getting package.json info for /tmp/qa-10.6/bitwarden/libs/angular/package.json...
[07:40:14.821] [DEBUG] Using cached package.json for /tmp/qa-10.6/bitwarden/libs/angular/package.json...
[07:40:14.821] [DEBUG] Using cached package.json for /tmp/qa-10.6/bitwarden/libs/angular/package.json...
[07:40:14.821] [DEBUG] Getting package.json info for /tmp/qa-10.6/bitwarden/libs/angular/package.json...
[07:40:14.821] [DEBUG] Using cached package.json for /tmp/qa-10.6/bitwarden/libs/angular/package.json...
[07:40:14.821] [DEBUG] Using cached package.json for /tmp/qa-10.6/bitwarden/libs/angular/package.json...
[07:40:14.821] [DEBUG] Using cached package.json for /tmp/qa-10.6/bitwarden/apps/web/package.json...
[07:40:14.821] [DEBUG] {
  "upgradedDependencies": []
}
[07:40:14.821] [DEBUG] {
  "upgradedDevDependencies": []
}
[07:40:14.821] [DEBUG] {
  "upgradedPeerDependencies": []
}
[07:40:14.821] [DEBUG] Getting package.json info for /tmp/qa-10.6/bitwarden/apps/web/package.json...
[07:40:14.821] [DEBUG] Using cached package.json for /tmp/qa-10.6/bitwarden/apps/web/package.json...
[07:40:14.821] [DEBUG] Using cached package.json for /tmp/qa-10.6/bitwarden/apps/web/package.json...
[07:40:14.821] [DEBUG] Getting package.json info for /tmp/qa-10.6/bitwarden/apps/web/package.json...
[07:40:14.821] [DEBUG] Using cached package.json for /tmp/qa-10.6/bitwarden/apps/web/package.json...
[07:40:14.821] [DEBUG] Using cached package.json for /tmp/qa-10.6/bitwarden/apps/web/package.json...
[07:40:14.821] [DEBUG] Getting package.json info for /tmp/qa-10.6/bitwarden/apps/web/package.json...
[07:40:14.821] [DEBUG] Using cached package.json for /tmp/qa-10.6/bitwarden/apps/web/package.json...
[07:40:14.821] [DEBUG] Using cached package.json for /tmp/qa-10.6/bitwarden/apps/web/package.json...
[07:40:14.821] [DEBUG] Using cached package.json for /tmp/qa-10.6/bitwarden/apps/browser/package.json...
[07:40:14.822] [DEBUG] {
  "upgradedDependencies": []
}
[07:40:14.822] [DEBUG] {
  "upgradedDevDependencies": []
}
[07:40:14.822] [DEBUG] {
  "upgradedPeerDependencies": []
}
[07:40:14.822] [DEBUG] Getting package.json info for /tmp/qa-10.6/bitwarden/apps/browser/package.json...
[07:40:14.822] [DEBUG] Using cached package.json for /tmp/qa-10.6/bitwarden/apps/browser/package.json...
[07:40:14.822] [DEBUG] Using cached package.json for /tmp/qa-10.6/bitwarden/apps/browser/package.json...
[07:40:14.822] [DEBUG] Getting package.json info for /tmp/qa-10.6/bitwarden/apps/browser/package.json...
[07:40:14.822] [DEBUG] Using cached package.json for /tmp/qa-10.6/bitwarden/apps/browser/package.json...
[07:40:14.822] [DEBUG] Using cached package.json for /tmp/qa-10.6/bitwarden/apps/browser/package.json...
[07:40:14.822] [DEBUG] Getting package.json info for /tmp/qa-10.6/bitwarden/apps/browser/package.json...
[07:40:14.822] [DEBUG] Using cached package.json for /tmp/qa-10.6/bitwarden/apps/browser/package.json...
[07:40:14.822] [DEBUG] Using cached package.json for /tmp/qa-10.6/bitwarden/apps/browser/package.json...
[07:40:14.822] [INFO] Updated package versions in package.json files
[07:40:14.822] [DEBUG] Starting automigration collection across 1 projects and 27 fixes...
[07:40:14.822] [INFO] Checking automigrations for /.storybook...
[07:40:14.822] [DEBUG] Processing project: /.storybook
[07:40:14.822] [DEBUG] Checking fix eslintPlugin for project /.storybook...
[07:40:14.823] [DEBUG] Using cached package.json for /tmp/qa-10.6/bitwarden/package.json...
[07:40:14.823] [DEBUG] Using cached package.json for /tmp/qa-10.6/bitwarden/libs/vault/package.json...
[07:40:14.823] [DEBUG] Using cached package.json for /tmp/qa-10.6/bitwarden/libs/tools/send/send-ui/package.json...
[07:40:14.823] [DEBUG] Using cached package.json for /tmp/qa-10.6/bitwarden/libs/subscription/package.json...
[07:40:14.823] [DEBUG] Using cached package.json for /tmp/qa-10.6/bitwarden/libs/storybook/package.json...
[07:40:14.823] [DEBUG] Using cached package.json for /tmp/qa-10.6/bitwarden/libs/pricing/package.json...
[07:40:14.823] [DEBUG] Using cached package.json for /tmp/qa-10.6/bitwarden/libs/dirt/card/package.json...
[07:40:14.823] [DEBUG] Using cached package.json for /tmp/qa-10.6/bitwarden/libs/components/package.json...
[07:40:14.823] [DEBUG] Using cached package.json for /tmp/qa-10.6/bitwarden/libs/auth/package.json...
[07:40:14.823] [DEBUG] Using cached package.json for /tmp/qa-10.6/bitwarden/libs/angular/package.json...
[07:40:14.823] [DEBUG] Using cached package.json for /tmp/qa-10.6/bitwarden/apps/web/package.json...
[07:40:14.823] [DEBUG] Using cached package.json for /tmp/qa-10.6/bitwarden/apps/browser/package.json...
[07:40:14.823] [DEBUG] Using cached package.json for /tmp/qa-10.6/bitwarden/package.json...
[07:40:14.823] [DEBUG] Checking fix addon-mdx-gfm-remove for project /.storybook...
[07:40:14.823] [DEBUG] Using cached package.json for /tmp/qa-10.6/bitwarden/package.json...
[07:40:14.823] [DEBUG] Using cached package.json for /tmp/qa-10.6/bitwarden/libs/vault/package.json...
[07:40:14.823] [DEBUG] Using cached package.json for /tmp/qa-10.6/bitwarden/libs/tools/send/send-ui/package.json...
[07:40:14.823] [DEBUG] Using cached package.json for /tmp/qa-10.6/bitwarden/libs/subscription/package.json...
[07:40:14.823] [DEBUG] Using cached package.json for /tmp/qa-10.6/bitwarden/libs/storybook/package.json...
[07:40:14.823] [DEBUG] Using cached package.json for /tmp/qa-10.6/bitwarden/libs/pricing/package.json...
[07:40:14.823] [DEBUG] Using cached package.json for /tmp/qa-10.6/bitwarden/libs/dirt/card/package.json...
[07:40:14.823] [DEBUG] Using cached package.json for /tmp/qa-10.6/bitwarden/libs/components/package.json...
[07:40:14.823] [DEBUG] Using cached package.json for /tmp/qa-10.6/bitwarden/libs/auth/package.json...
[07:40:14.823] [DEBUG] Using cached package.json for /tmp/qa-10.6/bitwarden/libs/angular/package.json...
[07:40:14.823] [DEBUG] Using cached package.json for /tmp/qa-10.6/bitwarden/apps/web/package.json...
[07:40:14.823] [DEBUG] Using cached package.json for /tmp/qa-10.6/bitwarden/apps/browser/package.json...
[07:40:14.823] [DEBUG] Checking fix addon-storysource-code-panel for project /.storybook...
[07:40:14.823] [DEBUG] Checking fix upgrade-storybook-related-dependencies for project /.storybook...
[07:40:14.823] [DEBUG] Checking for incompatible storybook packages...
[07:40:14.823] [DEBUG] Using cached package.json for /tmp/qa-10.6/bitwarden/package.json...
[07:40:14.823] [DEBUG] Using cached package.json for /tmp/qa-10.6/bitwarden/libs/vault/package.json...
[07:40:14.823] [DEBUG] Using cached package.json for /tmp/qa-10.6/bitwarden/libs/tools/send/send-ui/package.json...
[07:40:14.823] [DEBUG] Using cached package.json for /tmp/qa-10.6/bitwarden/libs/subscription/package.json...
[07:40:14.823] [DEBUG] Using cached package.json for /tmp/qa-10.6/bitwarden/libs/storybook/package.json...
[07:40:14.823] [DEBUG] Using cached package.json for /tmp/qa-10.6/bitwarden/libs/pricing/package.json...
[07:40:14.823] [DEBUG] Using cached package.json for /tmp/qa-10.6/bitwarden/libs/dirt/card/package.json...
[07:40:14.823] [DEBUG] Using cached package.json for /tmp/qa-10.6/bitwarden/libs/components/package.json...
[07:40:14.823] [DEBUG] Using cached package.json for /tmp/qa-10.6/bitwarden/libs/auth/package.json...
[07:40:14.823] [DEBUG] Using cached package.json for /tmp/qa-10.6/bitwarden/libs/angular/package.json...
[07:40:14.823] [DEBUG] Using cached package.json for /tmp/qa-10.6/bitwarden/apps/web/package.json...
[07:40:14.823] [DEBUG] Using cached package.json for /tmp/qa-10.6/bitwarden/apps/browser/package.json...
[07:40:14.825] [DEBUG] Using cached package.json for /tmp/qa-10.6/bitwarden/package.json...
[07:40:14.825] [DEBUG] Using cached package.json for /tmp/qa-10.6/bitwarden/libs/vault/package.json...
[07:40:14.825] [DEBUG] Using cached package.json for /tmp/qa-10.6/bitwarden/libs/tools/send/send-ui/package.json...
[07:40:14.825] [DEBUG] Using cached package.json for /tmp/qa-10.6/bitwarden/libs/subscription/package.json...
[07:40:14.825] [DEBUG] Using cached package.json for /tmp/qa-10.6/bitwarden/libs/storybook/package.json...
[07:40:14.825] [DEBUG] Using cached package.json for /tmp/qa-10.6/bitwarden/libs/pricing/package.json...
[07:40:14.825] [DEBUG] Using cached package.json for /tmp/qa-10.6/bitwarden/libs/dirt/card/package.json...
[07:40:14.825] [DEBUG] Using cached package.json for /tmp/qa-10.6/bitwarden/libs/components/package.json...
[07:40:14.825] [DEBUG] Using cached package.json for /tmp/qa-10.6/bitwarden/libs/auth/package.json...
[07:40:14.825] [DEBUG] Using cached package.json for /tmp/qa-10.6/bitwarden/libs/angular/package.json...
[07:40:14.825] [DEBUG] Using cached package.json for /tmp/qa-10.6/bitwarden/apps/web/package.json...
[07:40:14.825] [DEBUG] Using cached package.json for /tmp/qa-10.6/bitwarden/apps/browser/package.json...
[07:40:14.825] [DEBUG] Getting installed version for @storybook/addon-designs...
[07:40:14.825] [DEBUG] Executing command: npm ls --json --depth=99
[07:40:16.443] [DEBUG] Executing command: npm ls --json --depth=0
[07:40:17.721] [DEBUG] Error finding installations for @storybook/addon-designs: SB_CLI_0003 (ExecaCommandFailedError): Command failed: npm ls --json --depth=0

Command failed with exit code 1: npm ls --json '--depth=0'
{
  "version": "0.0.0",
  "name": "@bitwarden/clients",
  "problems": [
    "invalid: @storybook/addon-a11y@10.3.6 /tmp/qa-10.6/bitwarden/node_modules/@storybook/addon-a11y",
    "invalid: @storybook/addon-designs@11.1.3 /tmp/qa-10.6/bitwarden/node_modules/@storybook/addon-designs",
    "invalid: @storybook/addon-docs@10.3.6 /tmp/qa-10.6/bitwarden/node_modules/@storybook/addon-docs",
    "invalid: @storybook/addon-links@10.3.6 /tmp/qa-10.6/bitwarden/node_modules/@storybook/addon-links",
    "invalid: @storybook/addon-themes@10.3.6 /tmp/qa-10.6/bitwarden/node_modules/@storybook/addon-themes",
    "invalid: @storybook/angular@10.3.6 /tmp/qa-10.6/bitwarden/node_modules/@storybook/angular",
    "invalid: @storybook/test-runner@0.24.4 /tmp/qa-10.6/bitwarden/node_modules/@storybook/test-runner",
    "invalid: @storybook/web-components-vite@10.3.6 /tmp/qa-10.6/bitwarden/node_modules/@storybook/web-components-vite",
    "invalid: eslint-plugin-storybook@10.3.6 /tmp/qa-10.6/bitwarden/node_modules/eslint-plugin-storybook",
    "invalid: storybook@10.3.6 /tmp/qa-10.6/bitwarden/node_modules/storybook"
  ],
  "dependencies": {
    "@angular-devkit/build-angular": {
      "version": "21.2.9",
      "resolved": "https://registry.npmjs.org/@angular-devkit/build-angular/-/build-angular-21.2.9.tgz",
      "overridden": false
    },
    "@angular-eslint/schematics": {
      "version": "21.3.1",
      "resolved": "https://registry.npmjs.org/@angular-eslint/schematics/-/schematics-21.3.1.tgz",
      "overridden": false
    },
    "@angular/animations": {
      "version": "21.2.17",
      "resolved": "https://registry.npmjs.org/@angular/animations/-/animations-21.2.17.tgz",
      "overridden": false
    },
    "@angular/cdk": {
      "version": "21.2.9",
      "resolved": "https://registry.npmjs.org/@angular/cdk/-/cdk-21.2.9.tgz",
      "overridden": false
    },
    "@angular/cli": {
      "version": "21.2.9",
      "resolved": "https://registry.npmjs.org/@angular/cli/-/cli-21.2.9.tgz",
      "overridden": false
    },
    "@angular/common": {
      "version": "21.2.17",
      "resolved": "https://registry.npmjs.org/@angular/common/-/common-21.2.17.tgz",
      "overridden": false
    },
    "@angular/compiler-cli": {
      "version": "21.2.17",
      "resolved": "https://registry.npmjs.org/@angular/compiler-cli/-/compiler-cli-21.2.17.tgz",
      "overridden": false
    },
    "@angular/compiler": {
      "version": "21.2.17",
      "resolved": "https://registry.npmjs.org/@angular/compiler/-/compiler-21.2.17.tgz",
      "overridden": false
    },
    "@angular/core": {
      "version": "21.2.17",
      "resolved": "https://registry.npmjs.org/@angular/core/-/core-21.2.17.tgz",
      "overridden": false
    },
    "@angular/forms": {
      "version": "21.2.17",
      "resolved": "https://registry.npmjs.org/@angular/forms/-/forms-21.2.17.tgz",
      "overridden": false
    },
    "@angular/platform-browser": {
      "version": "21.2.17",
      "resolved": "https://registry.npmjs.org/@angular/platform-browser/-/platform-browser-21.2.17.tgz",
      "overridden": false
    },
    "@angular/router": {
      "version": "21.2.17",
      "resolved": "https://registry.npmjs.org/@angular/router/-/router-21.2.17.tgz",
      "overridden": false
    },
    "@babel/core": {
      "version": "7.29.6",
      "resolved": "https://registry.npmjs.org/@babel/core/-/core-7.29.6.tgz",
      "overridden": false
    },
    "@babel/preset-env": {
      "version": "7.29.2",
      "resolved": "https://registry.npmjs.org/@babel/preset-env/-/preset-env-7.29.2.tgz",
      "overridden": false
    },
    "@bitwarden/admin-console": {
      "version": "0.0.0",
      "resolved": "file:../../libs/admin-console",
      "overridden": false
    },
    "@bitwarden/angular": {
      "version": "0.0.0",
      "resolved": "file:../../libs/angular",
      "overridden": false
    },
    "@bitwarden/assets": {
      "version": "0.0.1",
      "resolved": "file:../../libs/assets",
      "overridden": false
    },
    "@bitwarden/auth": {
      "version": "0.0.0",
      "resolved": "file:../../libs/auth",
      "overridden": false
    },
    "@bitwarden/auto-confirm": {
      "version": "0.0.1",
      "resolved": "file:../../libs/auto-confirm",
      "overridden": false
    },
    "@bitwarden/automation-driver": {
      "version": "0.0.1",
      "resolved": "file:../../libs/automation-driver",
      "overridden": false
    },
    "@bitwarden/billing": {
      "version": "0.0.0",
      "resolved": "file:../../libs/billing",
      "overridden": false
    },
    "@bitwarden/browser": {
      "version": "2026.8.0",
      "resolved": "file:../../apps/browser",
      "overridden": false
    },
    "@bitwarden/cli": {
      "version": "2026.8.0",
      "resolved": "file:../../apps/cli",
      "overridden": false,
      "dependencies": {
        "@koa/multer": {
          "version": "4.0.0"
        },
        "@koa/router": {
          "version": "15.7.0"
        },
        "big-integer": {
          "version": "1.6.52"
        },
        "browser-hrtime": {
          "version": "1.1.8",
          "resolved": "https://registry.npmjs.org/browser-hrtime/-/browser-hrtime-1.1.8.tgz",
          "overridden": false
        },
        "chalk": {
          "version": "4.1.2"
        },
        "commander": {
          "version": "14.0.0"
        },
        "core-js": {
          "version": "3.50.0"
        },
        "form-data": {
          "version": "4.0.6"
        },
        "https-proxy-agent": {
          "version": "9.1.0"
        },
        "inquirer": {
          "version": "8.2.6"
        },
        "jsdom": {
          "version": "26.1.0"
        },
        "jszip": {
          "version": "3.10.1"
        },
        "koa-bodyparser": {
          "version": "4.4.1"
        },
        "koa-json": {
          "version": "2.0.2"
        },
        "koa": {
          "version": "3.1.2"
        },
        "lowdb": {
          "version": "1.0.0"
        },
        "lunr": {
          "version": "2.3.9"
        },
        "multer": {
          "version": "2.2.0"
        },
        "node-fetch": {
          "version": "2.7.0"
        },
        "node-forge": {
          "version": "1.4.0"
        },
        "open": {
          "version": "8.4.2"
        },
        "papaparse": {
          "version": "5.5.3"
        },
        "proper-lockfile": {
          "version": "4.1.2"
        },
        "rxjs": {
          "version": "7.8.1"
        },
        "semver": {
          "version": "7.7.3"
        },
        "tldts": {
          "version": "7.4.2"
        },
        "zxcvbn": {
          "version": "4.4.2"
        }
      }
    },
    "@bitwarden/client-type": {
      "version": "0.0.1",
      "resolved": "file:../../libs/client-type",
      "overridden": false
    },
    "@bitwarden/commercial-sdk-internal": {
      "version": "0.2.0-main.1001",
      "resolved": "https://registry.npmjs.org/@bitwarden/commercial-sdk-internal/-/commercial-sdk-internal-0.2.0-main.1001.tgz",
      "overridden": false
    },
    "@bitwarden/common": {
      "version": "0.0.0",
      "resolved": "file:../../libs/common",
      "overridden": false
    },
    "@bitwarden/components": {
      "version": "0.0.0",
      "resolved": "file:../../libs/components",
      "overridden": false
    },
    "@bitwarden/core-test-utils": {
      "version": "0.0.1",
      "resolved": "file:../../libs/core-test-utils",
      "overridden": false
    },
    "@bitwarden/desktop-napi": {
      "version": "0.1.0",
      "resolved": "file:../../apps/desktop/desktop_native/napi",
      "overridden": false,
      "dependencies": {
        "@napi-rs/cli": {
          "version": "3.7.2",
          "resolved": "https://registry.npmjs.org/@napi-rs/cli/-/cli-3.7.2.tgz",
          "overridden": false
        }
      }
    },
    "@bitwarden/desktop": {
      "version": "2026.8.1",
      "resolved": "file:../../apps/desktop",
      "overridden": false,
      "dependencies": {
        "@bitwarden/desktop-napi": {
          "version": "0.1.0"
        }
      }
    },
    "@bitwarden/dirt-card": {
      "version": "0.0.0",
      "resolved": "file:../../libs/dirt/card",
      "overridden": false
    },
    "@bitwarden/generator-components": {
      "version": "0.0.0",
      "resolved": "file:../../libs/tools/generator/components",
      "overridden": false
    },
    "@bitwarden/generator-core": {
      "version": "0.0.0",
      "resolved": "file:../../libs/tools/generator/core",
      "overridden": false
    },
    "@bitwarden/generator-history": {
      "version": "0.0.0",
      "resolved": "file:../../libs/tools/generator/extensions/history",
      "overridden": false
    },
    "@bitwarden/generator-legacy": {
      "version": "0.0.0",
      "resolved": "file:../../libs/tools/generator/extensions/legacy",
      "overridden": false
    },
    "@bitwarden/generator-navigation": {
      "version": "0.0.0",
      "resolved": "file:../../libs/tools/generator/extensions/navigation",
      "overridden": false
    },
    "@bitwarden/guid": {
      "version": "0.0.1",
      "resolved": "file:../../libs/guid",
      "overridden": false
    },
    "@bitwarden/importer": {
      "version": "0.0.0",
      "resolved": "file:../../libs/importer",
      "overridden": false
    },
    "@bitwarden/key-management-ui": {
      "version": "0.0.0",
      "resolved": "file:../../libs/key-management-ui",
      "overridden": false
    },
    "@bitwarden/key-management": {
      "version": "0.0.0",
      "resolved": "file:../../libs/key-management",
      "overridden": false
    },
    "@bitwarden/legacy-crypto": {
      "version": "0.0.1",
      "resolved": "file:../../libs/legacy-crypto",
      "overridden": false
    },
    "@bitwarden/logging-angular": {
      "version": "0.0.1",
      "resolved": "file:../../libs/logging-angular",
      "overridden": false
    },
    "@bitwarden/logging": {
      "version": "0.0.1",
      "resolved": "file:../../libs/logging",
      "overridden": false
    },
    "@bitwarden/managed-settings": {
      "version": "0.0.1",
      "resolved": "file:../../libs/managed-settings",
      "overridden": false
    },
    "@bitwarden/messaging": {
      "version": "0.0.1",
      "resolved": "file:../../libs/messaging",
      "overridden": false
    },
    "@bitwarden/node": {
      "version": "0.0.0",
      "resolved": "file:../../libs/node",
      "overridden": false
    },
    "@bitwarden/nx-plugin": {
      "version": "0.0.1",
      "resolved": "file:../../libs/nx-plugin",
      "overridden": false
    },
    "@bitwarden/organization-invite-link": {
      "version": "0.0.1",
      "resolved": "file:../../libs/organization-invite-link",
      "overridden": false
    },
    "@bitwarden/pam": {
      "version": "0.0.1",
      "resolved": "file:../../libs/pam",
      "overridden": false
    },
    "@bitwarden/platform": {
      "version": "0.0.0",
      "resolved": "file:../../libs/platform",
      "overridden": false
    },
    "@bitwarden/pricing": {
      "version": "0.0.0",
      "resolved": "file:../../libs/pricing",
      "overridden": false
    },
    "@bitwarden/scheduling": {
      "version": "0.0.1",
      "resolved": "file:../../libs/scheduling",
      "overridden": false
    },
    "@bitwarden/sdk-internal": {
      "version": "0.2.0-main.1001",
      "resolved": "https://registry.npmjs.org/@bitwarden/sdk-internal/-/sdk-internal-0.2.0-main.1001.tgz",
      "overridden": false
    },
    "@bitwarden/send-ui": {
      "version": "0.0.0",
      "resolved": "file:../../libs/tools/send/send-ui",
      "overridden": false
    },
    "@bitwarden/serialization": {
      "version": "0.0.1",
      "resolved": "file:../../libs/serialization",
      "overridden": false
    },
    "@bitwarden/state-internal": {
      "version": "0.0.1",
      "resolved": "file:../../libs/state-internal",
      "overridden": false
    },
    "@bitwarden/state-test-utils": {
      "version": "0.0.1",
      "resolved": "file:../../libs/state-test-utils",
      "overridden": false
    },
    "@bitwarden/state": {
      "version": "0.0.1",
      "resolved": "file:../../libs/state",
      "overridden": false
    },
    "@bitwarden/storage-core": {
      "version": "0.0.1",
      "resolved": "file:../../libs/storage-core",
      "overridden": false
    },
    "@bitwarden/storage-test-utils": {
      "version": "0.0.1",
      "resolved": "file:../../libs/storage-test-utils",
      "overridden": false
    },
    "@bitwarden/storybook": {
      "version": "0.0.1",
      "resolved": "file:../../libs/storybook",
      "overridden": false
    },
    "@bitwarden/subscription": {
      "version": "0.0.1",
      "resolved": "file:../../libs/subscription",
      "overridden": false
    },
    "@bitwarden/ui-common": {
      "version": "0.0.0",
      "resolved": "file:../../libs/ui/common",
      "overridden": false
    },
    "@bitwarden/unlock": {
      "version": "0.0.1",
      "resolved": "file:../../libs/unlock",
      "overridden": false
    },
    "@bitwarden/user-core": {
      "version": "0.0.0",
      "resolved": "file:../../libs/user-core",
      "overridden": false
    },
    "@bitwarden/user-crypto-management": {
      "version": "0.0.1",
      "resolved": "file:../../libs/user-crypto-management",
      "overridden": false
    },
    "@bitwarden/vault-export-core": {
      "version": "0.0.0",
      "resolved": "file:../../libs/tools/export-vault-core",
      "overridden": false
    },
    "@bitwarden/vault-export-ui": {
      "version": "0.0.0",
      "resolved": "file:../../libs/tools/export-vault-ui",
      "overridden": false
    },
    "@bitwarden/vault": {
      "version": "0.0.0",
      "resolved": "file:../../libs/vault",
      "overridden": false
    },
    "@bitwarden/web-vault": {
      "version": "2026.8.1",
      "resolved": "file:../../apps/web",
      "overridden": false
    },
    "@bufbuild/protobuf": {
      "version": "2.13.0",
      "resolved": "https://registry.npmjs.org/@bufbuild/protobuf/-/protobuf-2.13.0.tgz",
      "overridden": false
    },
    "@compodoc/compodoc": {
      "version": "1.2.1",
      "resolved": "https://registry.npmjs.org/@compodoc/compodoc/-/compodoc-1.2.1.tgz",
      "overridden": false
    },
    "@electron/fuses": {
      "version": "2.1.1",
      "resolved": "https://registry.npmjs.org/@electron/fuses/-/fuses-2.1.1.tgz",
      "overridden": false
    },
    "@electron/notarize": {
      "version": "3.1.1",
      "resolved": "https://registry.npmjs.org/@electron/notarize/-/notarize-3.1.1.tgz",
      "overridden": false
    },
    "@electron/rebuild": {
      "version": "4.0.4",
      "resolved": "https://registry.npmjs.org/@electron/rebuild/-/rebuild-4.0.4.tgz",
      "overridden": false
    },
    "@emotion/css": {
      "version": "11.13.5",
      "resolved": "https://registry.npmjs.org/@emotion/css/-/css-11.13.5.tgz",
      "overridden": false
    },
    "@eslint/compat": {
      "version": "2.0.5",
      "resolved": "https://registry.npmjs.org/@eslint/compat/-/compat-2.0.5.tgz",
      "overridden": false
    },
    "@koa/multer": {
      "version": "4.0.0",
      "resolved": "https://registry.npmjs.org/@koa/multer/-/multer-4.0.0.tgz",
      "overridden": false
    },
    "@koa/router": {
      "version": "15.7.0",
      "resolved": "https://registry.npmjs.org/@koa/router/-/router-15.7.0.tgz",
      "overridden": false
    },
    "@lit-labs/signals": {
      "version": "0.3.0",
      "resolved": "https://registry.npmjs.org/@lit-labs/signals/-/signals-0.3.0.tgz",
      "overridden": false
    },
    "@microsoft/signalr-protocol-msgpack": {
      "version": "10.0.0",
      "resolved": "https://registry.npmjs.org/@microsoft/signalr-protocol-msgpack/-/signalr-protocol-msgpack-10.0.0.tgz",
      "overridden": false
    },
    "@microsoft/signalr": {
      "version": "10.0.0",
      "resolved": "https://registry.npmjs.org/@microsoft/signalr/-/signalr-10.0.0.tgz",
      "overridden": false
    },
    "@ng-select/ng-select": {
      "version": "21.8.2",
      "resolved": "https://registry.npmjs.org/@ng-select/ng-select/-/ng-select-21.8.2.tgz",
      "overridden": false
    },
    "@ngtools/webpack": {
      "version": "21.2.9",
      "resolved": "https://registry.npmjs.org/@ngtools/webpack/-/webpack-21.2.9.tgz",
      "overridden": false
    },
    "@nx/devkit": {
      "version": "22.6.5",
      "resolved": "https://registry.npmjs.org/@nx/devkit/-/devkit-22.6.5.tgz",
      "overridden": false
    },
    "@nx/eslint": {
      "version": "22.6.5",
      "resolved": "https://registry.npmjs.org/@nx/eslint/-/eslint-22.6.5.tgz",
      "overridden": false
    },
    "@nx/jest": {
      "version": "22.6.5",
      "resolved": "https://registry.npmjs.org/@nx/jest/-/jest-22.6.5.tgz",
      "overridden": false
    },
    "@nx/js": {
      "version": "22.6.5",
      "resolved": "https://registry.npmjs.org/@nx/js/-/js-22.6.5.tgz",
      "overridden": false
    },
    "@nx/webpack": {
      "version": "22.6.5",
      "resolved": "https://registry.npmjs.org/@nx/webpack/-/webpack-22.6.5.tgz",
      "overridden": false
    },
    "@storybook/addon-a11y": {
      "version": "10.3.6",
      "resolved": "https://registry.npmjs.org/@storybook/addon-a11y/-/addon-a11y-10.3.6.tgz",
      "overridden": false,
      "invalid": "\"10.6.0-beta.0\" from the root project",
      "problems": [
        "invalid: @storybook/addon-a11y@10.3.6 /tmp/qa-10.6/bitwarden/node_modules/@storybook/addon-a11y"
      ]
    },
    "@storybook/addon-designs": {
      "version": "11.1.3",
      "resolved": "https://registry.npmjs.org/@storybook/addon-designs/-/addon-designs-11.1.3.tgz",
      "overridden": false,
      "invalid": "\"11.0.0-next.0\" from the root project",
      "problems": [
        "invalid: @storybook/addon-designs@11.1.3 /tmp/qa-10.6/bitwarden/node_modules/@storybook/addon-designs"
      ]
    },
    "@storybook/addon-docs": {
      "version": "10.3.6",
      "resolved": "https://registry.npmjs.org/@storybook/addon-docs/-/addon-docs-10.3.6.tgz",
      "overridden": false,
      "invalid": "\"10.6.0-beta.0\" from the root project",
      "problems": [
        "invalid: @storybook/addon-docs@10.3.6 /tmp/qa-10.6/bitwarden/node_modules/@storybook/addon-docs"
      ]
    },
    "@storybook/addon-links": {
      "version": "10.3.6",
      "resolved": "https://registry.npmjs.org/@storybook/addon-links/-/addon-links-10.3.6.tgz",
      "overridden": false,
      "invalid": "\"10.6.0-beta.0\" from the root project",
      "problems": [
        "invalid: @storybook/addon-links@10.3.6 /tmp/qa-10.6/bitwarden/node_modules/@storybook/addon-links"
      ]
    },
    "@storybook/addon-themes": {
      "version": "10.3.6",
      "resolved": "https://registry.npmjs.org/@storybook/addon-themes/-/addon-themes-10.3.6.tgz",
      "overridden": false,
      "invalid": "\"10.6.0-beta.0\" from the root project",
      "problems": [
        "invalid: @storybook/addon-themes@10.3.6 /tmp/qa-10.6/bitwarden/node_modules/@storybook/addon-themes"
      ]
    },
    "@storybook/angular": {
      "version": "10.3.6",
      "resolved": "https://registry.npmjs.org/@storybook/angular/-/angular-10.3.6.tgz",
      "overridden": false,
      "invalid": "\"10.6.0-beta.0\" from the root project",
      "problems": [
        "invalid: @storybook/angular@10.3.6 /tmp/qa-10.6/bitwarden/node_modules/@storybook/angular"
      ]
    },
    "@storybook/test-runner": {
      "version": "0.24.4",
      "resolved": "https://registry.npmjs.org/@storybook/test-runner/-/test-runner-0.24.4.tgz",
      "overridden": false,
      "invalid": "\"0.24.5-next.0\" from the root project",
      "problems": [
        "invalid: @storybook/test-runner@0.24.4 /tmp/qa-10.6/bitwarden/node_modules/@storybook/test-runner"
      ]
    },
    "@storybook/web-components-vite": {
      "version": "10.3.6",
      "resolved": "https://registry.npmjs.org/@storybook/web-components-vite/-/web-components-vite-10.3.6.tgz",
      "overridden": false,
      "invalid": "\"10.6.0-beta.0\" from the root project",
      "problems": [
        "invalid: @storybook/web-components-vite@10.3.6 /tmp/qa-10.6/bitwarden/node_modules/@storybook/web-components-vite"
      ]
    },
    "@tailwindcss/container-queries": {
      "version": "0.1.1",
      "resolved": "https://registry.npmjs.org/@tailwindcss/container-queries/-/container-queries-0.1.1.tgz",
      "overridden": false
    },
    "@types/chrome": {
      "version": "0.1.28",
      "resolved": "https://registry.npmjs.org/@types/chrome/-/chrome-0.1.28.tgz",
      "overridden": false
    },
    "@types/firefox-webext-browser": {
      "version": "143.0.0",
      "resolved": "https://registry.npmjs.org/@types/firefox-webext-browser/-/firefox-webext-browser-143.0.0.tgz",
      "overridden": false
    },
    "@types/inquirer": {
      "version": "8.2.10",
      "resolved": "https://registry.npmjs.org/@types/inquirer/-/inquirer-8.2.10.tgz",
      "overridden": false
    },
    "@types/jest": {
      "version": "30.0.0",
      "resolved": "https://registry.npmjs.org/@types/jest/-/jest-30.0.0.tgz",
      "overridden": false
    },
    "@types/jsdom": {
      "version": "28.0.1",
      "resolved": "https://registry.npmjs.org/@types/jsdom/-/jsdom-28.0.1.tgz",
      "overridden": false
    },
    "@types/koa__multer": {
      "version": "2.0.7",
      "resolved": "https://registry.npmjs.org/@types/koa__multer/-/koa__multer-2.0.7.tgz",
      "overridden": false
    },
    "@types/koa-bodyparser": {
      "version": "4.3.7",
      "resolved": "https://registry.npmjs.org/@types/koa-bodyparser/-/koa-bodyparser-4.3.7.tgz",
      "overridden": false
    },
    "@types/koa-json": {
      "version": "2.0.24",
      "resolved": "https://registry.npmjs.org/@types/koa-json/-/koa-json-2.0.24.tgz",
      "overridden": false
    },
    "@types/koa": {
      "version": "3.0.1",
      "resolved": "https://registry.npmjs.org/@types/koa/-/koa-3.0.1.tgz",
      "overridden": false
    },
    "@types/lowdb": {
      "version": "1.0.15",
      "resolved": "https://registry.npmjs.org/@types/lowdb/-/lowdb-1.0.15.tgz",
      "overridden": false
    },
    "@types/lunr": {
      "version": "2.3.7",
      "resolved": "https://registry.npmjs.org/@types/lunr/-/lunr-2.3.7.tgz",
      "overridden": false
    },
    "@types/node-fetch": {
      "version": "2.6.13",
      "resolved": "https://registry.npmjs.org/@types/node-fetch/-/node-fetch-2.6.13.tgz",
      "overridden": false
    },
    "@types/node-forge": {
      "version": "1.3.14",
      "resolved": "https://registry.npmjs.org/@types/node-forge/-/node-forge-1.3.14.tgz",
      "overridden": false
    },
    "@types/node": {
      "version": "22.20.1",
      "resolved": "https://registry.npmjs.org/@types/node/-/node-22.20.1.tgz",
      "overridden": false
    },
    "@types/papaparse": {
      "version": "5.5.2",
      "resolved": "https://registry.npmjs.org/@types/papaparse/-/papaparse-5.5.2.tgz",
      "overridden": false
    },
    "@types/proper-lockfile": {
      "version": "4.1.4",
      "resolved": "https://registry.npmjs.org/@types/proper-lockfile/-/proper-lockfile-4.1.4.tgz",
      "overridden": false
    },
    "@types/retry": {
      "version": "0.12.5",
      "resolved": "https://registry.npmjs.org/@types/retry/-/retry-0.12.5.tgz",
      "overridden": false
    },
    "@types/zxcvbn": {
      "version": "4.4.5",
      "resolved": "https://registry.npmjs.org/@types/zxcvbn/-/zxcvbn-4.4.5.tgz",
      "overridden": false
    },
    "@typescript-eslint/rule-tester": {
      "version": "8.59.1",
      "resolved": "https://registry.npmjs.org/@typescript-eslint/rule-tester/-/rule-tester-8.59.1.tgz",
      "overridden": false
    },
    "@typescript-eslint/utils": {
      "version": "8.59.1",
      "resolved": "https://registry.npmjs.org/@typescript-eslint/utils/-/utils-8.59.1.tgz",
      "overridden": false
    },
    "@webcomponents/custom-elements": {
      "version": "1.6.0",
      "resolved": "https://registry.npmjs.org/@webcomponents/custom-elements/-/custom-elements-1.6.0.tgz",
      "overridden": false
    },
    "@yao-pkg/pkg": {
      "version": "6.5.1",
      "resolved": "https://registry.npmjs.org/@yao-pkg/pkg/-/pkg-6.5.1.tgz",
      "overridden": false
    },
    "angular-eslint": {
      "version": "20.7.0",
      "resolved": "https://registry.npmjs.org/angular-eslint/-/angular-eslint-20.7.0.tgz",
      "overridden": false
    },
    "autoprefixer": {
      "version": "10.4.22",
      "resolved": "https://registry.npmjs.org/autoprefixer/-/autoprefixer-10.4.22.tgz",
      "overridden": false
    },
    "axe-playwright": {
      "version": "2.2.2",
      "resolved": "https://registry.npmjs.org/axe-playwright/-/axe-playwright-2.2.2.tgz",
      "overridden": false
    },
    "babel-loader": {
      "version": "10.1.1",
      "resolved": "https://registry.npmjs.org/babel-loader/-/babel-loader-10.1.1.tgz",
      "overridden": false
    },
    "base64-loader": {
      "version": "1.0.0",
      "resolved": "https://registry.npmjs.org/base64-loader/-/base64-loader-1.0.0.tgz",
      "overridden": false
    },
    "big-integer": {
      "version": "1.6.52",
      "resolved": "https://registry.npmjs.org/big-integer/-/big-integer-1.6.52.tgz",
      "overridden": false
    },
    "braintree-web-drop-in": {
      "version": "1.46.0",
      "resolved": "https://registry.npmjs.org/braintree-web-drop-in/-/braintree-web-drop-in-1.46.0.tgz",
      "overridden": false
    },
    "browserslist": {
      "version": "4.28.2",
      "resolved": "https://registry.npmjs.org/browserslist/-/browserslist-4.28.2.tgz",
      "overridden": false
    },
    "buffer": {
      "version": "6.0.3",
      "resolved": "https://registry.npmjs.org/buffer/-/buffer-6.0.3.tgz",
      "overridden": false
    },
    "bufferutil": {
      "version": "4.1.0",
      "resolved": "https://registry.npmjs.org/bufferutil/-/bufferutil-4.1.0.tgz",
      "overridden": false
    },
    "chalk": {
      "version": "4.1.2",
      "resolved": "https://registry.npmjs.org/chalk/-/chalk-4.1.2.tgz",
      "overridden": false
    },
    "chart.js": {
      "version": "4.5.1",
      "resolved": "https://registry.npmjs.org/chart.js/-/chart.js-4.5.1.tgz",
      "overridden": false
    },
    "chartjs-adapter-date-fns": {
      "version": "3.0.0",
      "resolved": "https://registry.npmjs.org/chartjs-adapter-date-fns/-/chartjs-adapter-date-fns-3.0.0.tgz",
      "overridden": false
    },
    "chromatic": {
      "version": "18.0.1",
      "resolved": "https://registry.npmjs.org/chromatic/-/chromatic-18.0.1.tgz",
      "overridden": false
    },
    "commander": {
      "version": "14.0.0",
      "resolved": "https://registry.npmjs.org/commander/-/commander-14.0.0.tgz",
      "overridden": false
    },
    "concurrently": {
      "version": "9.2.1",
      "resolved": "https://registry.npmjs.org/concurrently/-/concurrently-9.2.1.tgz",
      "overridden": false
    },
    "copy-webpack-plugin": {
      "version": "14.0.0",
      "resolved": "https://registry.npmjs.org/copy-webpack-plugin/-/copy-webpack-plugin-14.0.0.tgz",
      "overridden": false
    },
    "core-js": {
      "version": "3.50.0",
      "resolved": "https://registry.npmjs.org/core-js/-/core-js-3.50.0.tgz",
      "overridden": false
    },
    "cross-env": {
      "version": "10.1.0",
      "resolved": "https://registry.npmjs.org/cross-env/-/cross-env-10.1.0.tgz",
      "overridden": false
    },
    "css-loader": {
      "version": "7.1.4",
      "resolved": "https://registry.npmjs.org/css-loader/-/css-loader-7.1.4.tgz",
      "overridden": false
    },
    "electron-builder": {
      "version": "26.9.0",
      "resolved": "https://registry.npmjs.org/electron-builder/-/electron-builder-26.9.0.tgz",
      "overridden": false
    },
    "electron-log": {
      "version": "5.4.3",
      "resolved": "https://registry.npmjs.org/electron-log/-/electron-log-5.4.3.tgz",
      "overridden": false
    },
    "electron-reload": {
      "version": "2.0.0-alpha.1",
      "resolved": "https://registry.npmjs.org/electron-reload/-/electron-reload-2.0.0-alpha.1.tgz",
      "overridden": false
    },
    "electron-store": {
      "version": "11.0.2",
      "resolved": "https://registry.npmjs.org/electron-store/-/electron-store-11.0.2.tgz",
      "overridden": false
    },
    "electron-updater": {
      "version": "6.8.3",
      "resolved": "https://registry.npmjs.org/electron-updater/-/electron-updater-6.8.3.tgz",
      "overridden": false
    },
    "electron": {
      "version": "43.2.0",
      "resolved": "https://registry.npmjs.org/electron/-/electron-43.2.0.tgz",
      "overridden": false
    },
    "eslint-config-prettier": {
      "version": "10.1.8",
      "resolved": "https://registry.npmjs.org/eslint-config-prettier/-/eslint-config-prettier-10.1.8.tgz",
      "overridden": false
    },
    "eslint-import-resolver-typescript": {
      "version": "4.4.4",
      "resolved": "https://registry.npmjs.org/eslint-import-resolver-typescript/-/eslint-import-resolver-typescript-4.4.4.tgz",
      "overridden": false
    },
    "eslint-plugin-import": {
      "version": "2.32.0",
      "resolved": "https://registry.npmjs.org/eslint-plugin-import/-/eslint-plugin-import-2.32.0.tgz",
      "overridden": false
    },
    "eslint-plugin-jest": {
      "version": "29.15.2",
      "resolved": "https://registry.npmjs.org/eslint-plugin-jest/-/eslint-plugin-jest-29.15.2.tgz",
      "overridden": false
    },
    "eslint-plugin-rxjs-angular": {
      "version": "2.0.1",
      "resolved": "https://registry.npmjs.org/eslint-plugin-rxjs-angular/-/eslint-plugin-rxjs-angular-2.0.1.tgz",
      "overridden": false
    },
    "eslint-plugin-rxjs": {
      "version": "5.0.3",
      "resolved": "https://registry.npmjs.org/eslint-plugin-rxjs/-/eslint-plugin-rxjs-5.0.3.tgz",
      "overridden": false
    },
    "eslint-plugin-storybook": {
      "version": "10.3.6",
      "resolved": "https://registry.npmjs.org/eslint-plugin-storybook/-/eslint-plugin-storybook-10.3.6.tgz",
      "overridden": false,
      "invalid": "\"10.6.0-beta.0\" from the root project",
      "problems": [
        "invalid: eslint-plugin-storybook@10.3.6 /tmp/qa-10.6/bitwarden/node_modules/eslint-plugin-storybook"
      ]
    },
    "eslint-plugin-tailwindcss": {
      "version": "3.18.3",
      "resolved": "https://registry.npmjs.org/eslint-plugin-tailwindcss/-/eslint-plugin-tailwindcss-3.18.3.tgz",
      "overridden": false
    },
    "eslint": {
      "version": "9.39.4",
      "resolved": "https://registry.npmjs.org/eslint/-/eslint-9.39.4.tgz",
      "overridden": false
    },
    "fantasticon": {
      "version": "4.1.0",
      "resolved": "https://registry.npmjs.org/fantasticon/-/fantasticon-4.1.0.tgz",
      "overridden": false
    },
    "form-data": {
      "version": "4.0.6",
      "resolved": "https://registry.npmjs.org/form-data/-/form-data-4.0.6.tgz",
      "overridden": false
    },
    "html-loader": {
      "version": "5.1.0",
      "resolved": "https://registry.npmjs.org/html-loader/-/html-loader-5.1.0.tgz",
      "overridden": false
    },
    "html-webpack-injector": {
      "version": "1.1.4",
      "resolved": "https://registry.npmjs.org/html-webpack-injector/-/html-webpack-injector-1.1.4.tgz",
      "overridden": false
    },
    "html-webpack-plugin": {
      "version": "5.6.6",
      "resolved": "https://registry.npmjs.org/html-webpack-plugin/-/html-webpack-plugin-5.6.6.tgz",
      "overridden": false
    },
    "https-proxy-agent": {
      "version": "9.1.0",
      "resolved": "https://registry.npmjs.org/https-proxy-agent/-/https-proxy-agent-9.1.0.tgz",
      "overridden": false
    },
    "husky": {
      "version": "9.1.7",
      "resolved": "https://registry.npmjs.org/husky/-/husky-9.1.7.tgz",
      "overridden": false
    },
    "inquirer": {
      "version": "8.2.6",
      "resolved": "https://registry.npmjs.org/inquirer/-/inquirer-8.2.6.tgz",
      "overridden": false
    },
    "jest-diff": {
      "version": "30.3.0",
      "resolved": "https://registry.npmjs.org/jest-diff/-/jest-diff-30.3.0.tgz",
      "overridden": false
    },
    "jest-environment-jsdom": {
      "version": "29.7.0",
      "resolved": "https://registry.npmjs.org/jest-environment-jsdom/-/jest-environment-jsdom-29.7.0.tgz",
      "overridden": true
    },
    "jest-junit": {
      "version": "17.0.0",
      "resolved": "https://registry.npmjs.org/jest-junit/-/jest-junit-17.0.0.tgz",
      "overridden": false
    },
    "jest-mock-extended": {
      "version": "4.0.1",
      "resolved": "https://registry.npmjs.org/jest-mock-extended/-/jest-mock-extended-4.0.1.tgz",
      "overridden": false
    },
    "jest-preset-angular": {
      "version": "17.0.0",
      "resolved": "https://registry.npmjs.org/jest-preset-angular/-/jest-preset-angular-17.0.0.tgz",
      "overridden": false
    },
    "jest": {
      "version": "30.3.0",
      "resolved": "https://registry.npmjs.org/jest/-/jest-30.3.0.tgz",
      "overridden": false
    },
    "jsdom": {
      "version": "26.1.0",
      "resolved": "https://registry.npmjs.org/jsdom/-/jsdom-26.1.0.tgz",
      "overridden": false
    },
    "json5": {
      "version": "2.2.3",
      "resolved": "https://registry.npmjs.org/json5/-/json5-2.2.3.tgz",
      "overridden": false
    },
    "jszip": {
      "version": "3.10.1",
      "resolved": "https://registry.npmjs.org/jszip/-/jszip-3.10.1.tgz",
      "overridden": false
    },
    "koa-bodyparser": {
      "version": "4.4.1",
      "resolved": "https://registry.npmjs.org/koa-bodyparser/-/koa-bodyparser-4.4.1.tgz",
      "overridden": false
    },
    "koa-json": {
      "version": "2.0.2",
      "resolved": "https://registry.npmjs.org/koa-json/-/koa-json-2.0.2.tgz",
      "overridden": false
    },
    "koa": {
      "version": "3.1.2",
      "resolved": "https://registry.npmjs.org/koa/-/koa-3.1.2.tgz",
      "overridden": false
    },
    "lint-staged": {
      "version": "17.0.5",
      "resolved": "https://registry.npmjs.org/lint-staged/-/lint-staged-17.0.5.tgz",
      "overridden": false
    },
    "lit": {
      "version": "3.3.1",
      "resolved": "https://registry.npmjs.org/lit/-/lit-3.3.1.tgz",
      "overridden": false
    },
    "lowdb": {
      "version": "1.0.0",
      "resolved": "https://registry.npmjs.org/lowdb/-/lowdb-1.0.0.tgz",
      "overridden": false
    },
    "lunr": {
      "version": "2.3.9",
      "resolved": "https://registry.npmjs.org/lunr/-/lunr-2.3.9.tgz",
      "overridden": false
    },
    "mini-css-extract-plugin": {
      "version": "2.10.2",
      "resolved": "https://registry.npmjs.org/mini-css-extract-plugin/-/mini-css-extract-plugin-2.10.2.tgz",
      "overridden": false
    },
    "multer": {
      "version": "2.2.0",
      "resolved": "https://registry.npmjs.org/multer/-/multer-2.2.0.tgz",
      "overridden": false
    },
    "ngx-toastr": {
      "version": "19.1.0",
      "resolved": "https://registry.npmjs.org/ngx-toastr/-/ngx-toastr-19.1.0.tgz",
      "overridden": false
    },
    "node-fetch": {
      "version": "2.7.0",
      "resolved": "https://registry.npmjs.org/node-fetch/-/node-fetch-2.7.0.tgz",
      "overridden": false
    },
    "node-forge": {
      "version": "1.4.0",
      "resolved": "https://registry.npmjs.org/node-forge/-/node-forge-1.4.0.tgz",
      "overridden": false
    },
    "nx": {
      "version": "22.7.7",
      "resolved": "https://registry.npmjs.org/nx/-/nx-22.7.7.tgz",
      "overridden": false
    },
    "oauth4webapi": {
      "version": "3.8.6",
      "resolved": "https://registry.npmjs.org/oauth4webapi/-/oauth4webapi-3.8.6.tgz",
      "overridden": false
    },
    "open": {
      "version": "8.4.2",
      "resolved": "https://registry.npmjs.org/open/-/open-8.4.2.tgz",
      "overridden": false
    },
    "papaparse": {
      "version": "5.5.3",
      "resolved": "https://registry.npmjs.org/papaparse/-/papaparse-5.5.3.tgz",
      "overridden": false
    },
    "path-browserify": {
      "version": "1.0.1",
      "resolved": "https://registry.npmjs.org/path-browserify/-/path-browserify-1.0.1.tgz",
      "overridden": false
    },
    "postcss-loader": {
      "version": "8.2.1",
      "resolved": "https://registry.npmjs.org/postcss-loader/-/postcss-loader-8.2.1.tgz",
      "overridden": false
    },
    "postcss": {
      "version": "8.5.23",
      "resolved": "https://registry.npmjs.org/postcss/-/postcss-8.5.23.tgz",
      "overridden": false
    },
    "prettier-plugin-tailwindcss": {
      "version": "0.8.0",
      "resolved": "https://registry.npmjs.org/prettier-plugin-tailwindcss/-/prettier-plugin-tailwindcss-0.8.0.tgz",
      "overridden": false
    },
    "prettier": {
      "version": "3.9.5",
      "resolved": "https://registry.npmjs.org/prettier/-/prettier-3.9.5.tgz",
      "overridden": false
    },
    "process": {
      "version": "0.11.10",
      "resolved": "https://registry.npmjs.org/process/-/process-0.11.10.tgz",
      "overridden": false
    },
    "proper-lockfile": {
      "version": "4.1.2",
      "resolved": "https://registry.npmjs.org/proper-lockfile/-/proper-lockfile-4.1.2.tgz",
      "overridden": false
    },
    "qrcode-parser": {
      "version": "2.1.3",
      "resolved": "https://registry.npmjs.org/qrcode-parser/-/qrcode-parser-2.1.3.tgz",
      "overridden": false
    },
    "qrious": {
      "version": "4.0.2",
      "resolved": "https://registry.npmjs.org/qrious/-/qrious-4.0.2.tgz",
      "overridden": false
    },
    "remark-gfm": {
      "version": "4.0.1",
      "resolved": "https://registry.npmjs.org/remark-gfm/-/remark-gfm-4.0.1.tgz",
      "overridden": false
    },
    "rimraf": {
      "version": "6.1.2",
      "resolved": "https://registry.npmjs.org/rimraf/-/rimraf-6.1.2.tgz",
      "overridden": false
    },
    "rxjs": {
      "version": "7.8.1",
      "resolved": "https://registry.npmjs.org/rxjs/-/rxjs-7.8.1.tgz",
      "overridden": false
    },
    "sass-loader": {
      "version": "16.0.7",
      "resolved": "https://registry.npmjs.org/sass-loader/-/sass-loader-16.0.7.tgz",
      "overridden": false
    },
    "sass": {
      "version": "1.99.0",
      "resolved": "https://registry.npmjs.org/sass/-/sass-1.99.0.tgz",
      "overridden": false
    },
    "semver": {
      "version": "7.7.3",
      "resolved": "https://registry.npmjs.org/semver/-/semver-7.7.3.tgz",
      "overridden": false
    },
    "storybook": {
      "version": "10.3.6",
      "resolved": "https://registry.npmjs.org/storybook/-/storybook-10.3.6.tgz",
      "overridden": false,
      "invalid": "\"10.6.0-beta.0\" from the root project",
      "problems": [
        "invalid: storybook@10.3.6 /tmp/qa-10.6/bitwarden/node_modules/storybook"
      ]
    },
    "style-loader": {
      "version": "4.0.0",
      "resolved": "https://registry.npmjs.org/style-loader/-/style-loader-4.0.0.tgz",
      "overridden": false
    },
    "svgo": {
      "version": "4.0.1",
      "resolved": "https://registry.npmjs.org/svgo/-/svgo-4.0.1.tgz",
      "overridden": false
    },
    "tabbable": {
      "version": "6.4.0",
      "resolved": "https://registry.npmjs.org/tabbable/-/tabbable-6.4.0.tgz",
      "overridden": false
    },
    "tailwindcss": {
      "version": "3.4.18",
      "resolved": "https://registry.npmjs.org/tailwindcss/-/tailwindcss-3.4.18.tgz",
      "overridden": false
    },
    "tldts": {
      "version": "7.4.2",
      "resolved": "https://registry.npmjs.org/tldts/-/tldts-7.4.2.tgz",
      "overridden": false
    },
    "ts-jest": {
      "version": "29.4.9",
      "resolved": "https://registry.npmjs.org/ts-jest/-/ts-jest-29.4.9.tgz",
      "overridden": false
    },
    "ts-loader": {
      "version": "9.5.7",
      "resolved": "https://registry.npmjs.org/ts-loader/-/ts-loader-9.5.7.tgz",
      "overridden": false
    },
    "ts-node": {
      "version": "10.9.2",
      "resolved": "https://registry.npmjs.org/ts-node/-/ts-node-10.9.2.tgz",
      "overridden": false
    },
    "tsconfig-paths-webpack-plugin": {
      "version": "4.2.0",
      "resolved": "https://registry.npmjs.org/tsconfig-paths-webpack-plugin/-/tsconfig-paths-webpack-plugin-4.2.0.tgz",
      "overridden": false
    },
    "type-fest": {
      "version": "2.19.0",
      "resolved": "https://registry.npmjs.org/type-fest/-/type-fest-2.19.0.tgz",
      "overridden": false
    },
    "typescript-eslint": {
      "version": "8.59.1",
      "resolved": "https://registry.npmjs.org/typescript-eslint/-/typescript-eslint-8.59.1.tgz",
      "overridden": false
    },
    "typescript-strict-plugin": {
      "version": "2.4.4",
      "resolved": "https://registry.npmjs.org/typescript-strict-plugin/-/typescript-strict-plugin-2.4.4.tgz",
      "overridden": false
    },
    "typescript": {
      "version": "5.9.3",
      "resolved": "https://registry.npmjs.org/typescript/-/typescript-5.9.3.tgz",
      "overridden": false
    },
    "url": {
      "version": "0.11.4",
      "resolved": "https://registry.npmjs.org/url/-/url-0.11.4.tgz",
      "overridden": false
    },
    "utf-8-validate": {
      "version": "6.0.5",
      "resolved": "https://registry.npmjs.org/utf-8-validate/-/utf-8-validate-6.0.5.tgz",
      "overridden": false
    },
    "util": {
      "version": "0.12.5",
      "resolved": "https://registry.npmjs.org/util/-/util-0.12.5.tgz",
      "overridden": false
    },
    "vite-tsconfig-paths": {
      "version": "6.1.1",
      "resolved": "https://registry.npmjs.org/vite-tsconfig-paths/-/vite-tsconfig-paths-6.1.1.tgz",
      "overridden": false
    },
    "wait-on": {
      "version": "9.1.0",
      "resolved": "https://registry.npmjs.org/wait-on/-/wait-on-9.1.0.tgz",
      "overridden": false
    },
    "webpack-cli": {
      "version": "7.0.2",
      "resolved": "https://registry.npmjs.org/webpack-cli/-/webpack-cli-7.0.2.tgz",
      "overridden": false
    },
    "webpack-dev-server": {
      "version": "5.2.6",
      "resolved": "https://registry.npmjs.org/webpack-dev-server/-/webpack-dev-server-5.2.6.tgz",
      "overridden": false
    },
    "webpack-node-externals": {
      "version": "3.0.0",
      "resolved": "https://registry.npmjs.org/webpack-node-externals/-/webpack-node-externals-3.0.0.tgz",
      "overridden": false
    },
    "webpack": {
      "version": "5.106.2",
      "resolved": "https://registry.npmjs.org/webpack/-/webpack-5.106.2.tgz",
      "overridden": false
    },
    "zone.js": {
      "version": "0.15.1",
      "resolved": "https://registry.npmjs.org/zone.js/-/zone.js-0.15.1.tgz",
      "overridden": false
    },
    "zxcvbn": {
      "version": "4.4.2",
      "resolved": "https://registry.npmjs.org/zxcvbn/-/zxcvbn-4.4.2.tgz",
      "overridden": false
    }
  },
  "error": {
    "code": "ELSPROBLEMS",
    "summary": "invalid: @storybook/addon-a11y@10.3.6 /tmp/qa-10.6/bitwarden/node_modules/@storybook/addon-a11y\ninvalid: @storybook/addon-designs@11.1.3 /tmp/qa-10.6/bitwarden/node_modules/@storybook/addon-designs\ninvalid: @storybook/addon-docs@10.3.6 /tmp/qa-10.6/bitwarden/node_modules/@storybook/addon-docs\ninvalid: @storybook/addon-links@10.3.6 /tmp/qa-10.6/bitwarden/node_modules/@storybook/addon-links\ninvalid: @storybook/addon-themes@10.3.6 /tmp/qa-10.6/bitwarden/node_modules/@storybook/addon-themes\ninvalid: @storybook/angular@10.3.6 /tmp/qa-10.6/bitwarden/node_modules/@storybook/angular\ninvalid: @storybook/test-runner@0.24.4 /tmp/qa-10.6/bitwarden/node_modules/@storybook/test-runner\ninvalid: @storybook/web-components-vite@10.3.6 /tmp/qa-10.6/bitwarden/node_modules/@storybook/web-components-vite\ninvalid: eslint-plugin-storybook@10.3.6 /tmp/qa-10.6/bitwarden/node_modules/eslint-plugin-storybook\ninvalid: storybook@10.3.6 /tmp/qa-10.6/bitwarden/node_modules/storybook",
    "detail": ""
  }
}
Command failed with exit code 1: npm ls --json '--depth=0'

{
  "version": "0.0.0",
  "name": "@bitwarden/clients",
  "problems": [
    "invalid: @storybook/addon-a11y@10.3.6 /tmp/qa-10.6/bitwarden/node_modules/@storybook/addon-a11y",
    "invalid: @storybook/addon-designs@11.1.3 /tmp/qa-10.6/bitwarden/node_modules/@storybook/addon-designs",
    "invalid: @storybook/addon-docs@10.3.6 /tmp/qa-10.6/bitwarden/node_modules/@storybook/addon-docs",
    "invalid: @storybook/addon-links@10.3.6 /tmp/qa-10.6/bitwarden/node_modules/@storybook/addon-links",
    "invalid: @storybook/addon-themes@10.3.6 /tmp/qa-10.6/bitwarden/node_modules/@storybook/addon-themes",
    "invalid: @storybook/angular@10.3.6 /tmp/qa-10.6/bitwarden/node_modules/@storybook/angular",
    "invalid: @storybook/test-runner@0.24.4 /tmp/qa-10.6/bitwarden/node_modules/@storybook/test-runner",
    "invalid: @storybook/web-components-vite@10.3.6 /tmp/qa-10.6/bitwarden/node_modules/@storybook/web-components-vite",
    "invalid: eslint-plugin-storybook@10.3.6 /tmp/qa-10.6/bitwarden/node_modules/eslint-plugin-storybook",
    "invalid: storybook@10.3.6 /tmp/qa-10.6/bitwarden/node_modules/storybook"
  ],
  "dependencies": {
    "@angular-devkit/build-angular": {
      "version": "21.2.9",
      "resolved": "https://registry.npmjs.org/@angular-devkit/build-angular/-/build-angular-21.2.9.tgz",
      "overridden": false
    },
    "@angular-eslint/schematics": {
      "version": "21.3.1",
      "resolved": "https://registry.npmjs.org/@angular-eslint/schematics/-/schematics-21.3.1.tgz",
      "overridden": false
    },
    "@angular/animations": {
      "version": "21.2.17",
      "resolved": "https://registry.npmjs.org/@angular/animations/-/animations-21.2.17.tgz",
      "overridden": false
    },
    "@angular/cdk": {
      "version": "21.2.9",
      "resolved": "https://registry.npmjs.org/@angular/cdk/-/cdk-21.2.9.tgz",
      "overridden": false
    },
    "@angular/cli": {
      "version": "21.2.9",
      "resolved": "https://registry.npmjs.org/@angular/cli/-/cli-21.2.9.tgz",
      "overridden": false
    },
    "@angular/common": {
      "version": "21.2.17",
      "resolved": "https://registry.npmjs.org/@angular/common/-/common-21.2.17.tgz",
      "overridden": false
    },
    "@angular/compiler-cli": {
      "version": "21.2.17",
      "resolved": "https://registry.npmjs.org/@angular/compiler-cli/-/compiler-cli-21.2.17.tgz",
      "overridden": false
    },
    "@angular/compiler": {
      "version": "21.2.17",
      "resolved": "https://registry.npmjs.org/@angular/compiler/-/compiler-21.2.17.tgz",
      "overridden": false
    },
    "@angular/core": {
      "version": "21.2.17",
      "resolved": "https://registry.npmjs.org/@angular/core/-/core-21.2.17.tgz",
      "overridden": false
    },
    "@angular/forms": {
      "version": "21.2.17",
      "resolved": "https://registry.npmjs.org/@angular/forms/-/forms-21.2.17.tgz",
      "overridden": false
    },
    "@angular/platform-browser": {
      "version": "21.2.17",
      "resolved": "https://registry.npmjs.org/@angular/platform-browser/-/platform-browser-21.2.17.tgz",
      "overridden": false
    },
    "@angular/router": {
      "version": "21.2.17",
      "resolved": "https://registry.npmjs.org/@angular/router/-/router-21.2.17.tgz",
      "overridden": false
    },
    "@babel/core": {
      "version": "7.29.6",
      "resolved": "https://registry.npmjs.org/@babel/core/-/core-7.29.6.tgz",
      "overridden": false
    },
    "@babel/preset-env": {
      "version": "7.29.2",
      "resolved": "https://registry.npmjs.org/@babel/preset-env/-/preset-env-7.29.2.tgz",
      "overridden": false
    },
    "@bitwarden/admin-console": {
      "version": "0.0.0",
      "resolved": "file:../../libs/admin-console",
      "overridden": false
    },
    "@bitwarden/angular": {
      "version": "0.0.0",
      "resolved": "file:../../libs/angular",
      "overridden": false
    },
    "@bitwarden/assets": {
      "version": "0.0.1",
      "resolved": "file:../../libs/assets",
      "overridden": false
    },
    "@bitwarden/auth": {
      "version": "0.0.0",
      "resolved": "file:../../libs/auth",
      "overridden": false
    },
    "@bitwarden/auto-confirm": {
      "version": "0.0.1",
      "resolved": "file:../../libs/auto-confirm",
      "overridden": false
    },
    "@bitwarden/automation-driver": {
      "version": "0.0.1",
      "resolved": "file:../../libs/automation-driver",
      "overridden": false
    },
    "@bitwarden/billing": {
      "version": "0.0.0",
      "resolved": "file:../../libs/billing",
      "overridden": false
    },
    "@bitwarden/browser": {
      "version": "2026.8.0",
      "resolved": "file:../../apps/browser",
      "overridden": false
    },
    "@bitwarden/cli": {
      "version": "2026.8.0",
      "resolved": "file:../../apps/cli",
      "overridden": false,
      "dependencies": {
        "@koa/multer": {
          "version": "4.0.0"
        },
        "@koa/router": {
          "version": "15.7.0"
        },
        "big-integer": {
          "version": "1.6.52"
        },
        "browser-hrtime": {
          "version": "1.1.8",
          "resolved": "https://registry.npmjs.org/browser-hrtime/-/browser-hrtime-1.1.8.tgz",
          "overridden": false
        },
        "chalk": {
          "version": "4.1.2"
        },
        "commander": {
          "version": "14.0.0"
        },
        "core-js": {
          "version": "3.50.0"
        },
        "form-data": {
          "version": "4.0.6"
        },
        "https-proxy-agent": {
          "version": "9.1.0"
        },
        "inquirer": {
          "version": "8.2.6"
        },
        "jsdom": {
          "version": "26.1.0"
        },
        "jszip": {
          "version": "3.10.1"
        },
        "koa-bodyparser": {
          "version": "4.4.1"
        },
        "koa-json": {
          "version": "2.0.2"
        },
        "koa": {
          "version": "3.1.2"
        },
        "lowdb": {
          "version": "1.0.0"
        },
        "lunr": {
          "version": "2.3.9"
        },
        "multer": {
          "version": "2.2.0"
        },
        "node-fetch": {
          "version": "2.7.0"
        },
        "node-forge": {
          "version": "1.4.0"
        },
        "open": {
          "version": "8.4.2"
        },
        "papaparse": {
          "version": "5.5.3"
        },
        "proper-lockfile": {
          "version": "4.1.2"
        },
        "rxjs": {
          "version": "7.8.1"
        },
        "semver": {
          "version": "7.7.3"
        },
        "tldts": {
          "version": "7.4.2"
        },
        "zxcvbn": {
          "version": "4.4.2"
        }
      }
    },
    "@bitwarden/client-type": {
      "version": "0.0.1",
      "resolved": "file:../../libs/client-type",
      "overridden": false
    },
    "@bitwarden/commercial-sdk-internal": {
      "version": "0.2.0-main.1001",
      "resolved": "https://registry.npmjs.org/@bitwarden/commercial-sdk-internal/-/commercial-sdk-internal-0.2.0-main.1001.tgz",
      "overridden": false
    },
    "@bitwarden/common": {
      "version": "0.0.0",
      "resolved": "file:../../libs/common",
      "overridden": false
    },
    "@bitwarden/components": {
      "version": "0.0.0",
      "resolved": "file:../../libs/components",
      "overridden": false
    },
    "@bitwarden/core-test-utils": {
      "version": "0.0.1",
      "resolved": "file:../../libs/core-test-utils",
      "overridden": false
    },
    "@bitwarden/desktop-napi": {
      "version": "0.1.0",
      "resolved": "file:../../apps/desktop/desktop_native/napi",
      "overridden": false,
      "dependencies": {
        "@napi-rs/cli": {
          "version": "3.7.2",
          "resolved": "https://registry.npmjs.org/@napi-rs/cli/-/cli-3.7.2.tgz",
          "overridden": false
        }
      }
    },
    "@bitwarden/desktop": {
      "version": "2026.8.1",
      "resolved": "file:../../apps/desktop",
      "overridden": false,
      "dependencies": {
        "@bitwarden/desktop-napi": {
          "version": "0.1.0"
        }
      }
    },
    "@bitwarden/dirt-card": {
      "version": "0.0.0",
      "resolved": "file:../../libs/dirt/card",
      "overridden": false
    },
    "@bitwarden/generator-components": {
      "version": "0.0.0",
      "resolved": "file:../../libs/tools/generator/components",
      "overridden": false
    },
    "@bitwarden/generator-core": {
      "version": "0.0.0",
      "resolved": "file:../../libs/tools/generator/core",
      "overridden": false
    },
    "@bitwarden/generator-history": {
      "version": "0.0.0",
      "resolved": "file:../../libs/tools/generator/extensions/history",
      "overridden": false
    },
    "@bitwarden/generator-legacy": {
      "version": "0.0.0",
      "resolved": "file:../../libs/tools/generator/extensions/legacy",
      "overridden": false
    },
    "@bitwarden/generator-navigation": {
      "version": "0.0.0",
      "resolved": "file:../../libs/tools/generator/extensions/navigation",
      "overridden": false
    },
    "@bitwarden/guid": {
      "version": "0.0.1",
      "resolved": "file:../../libs/guid",
      "overridden": false
    },
    "@bitwarden/importer": {
      "version": "0.0.0",
      "resolved": "file:../../libs/importer",
      "overridden": false
    },
    "@bitwarden/key-management-ui": {
      "version": "0.0.0",
      "resolved": "file:../../libs/key-management-ui",
      "overridden": false
    },
    "@bitwarden/key-management": {
      "version": "0.0.0",
      "resolved": "file:../../libs/key-management",
      "overridden": false
    },
    "@bitwarden/legacy-crypto": {
      "version": "0.0.1",
      "resolved": "file:../../libs/legacy-crypto",
      "overridden": false
    },
    "@bitwarden/logging-angular": {
      "version": "0.0.1",
      "resolved": "file:../../libs/logging-angular",
      "overridden": false
    },
    "@bitwarden/logging": {
      "version": "0.0.1",
      "resolved": "file:../../libs/logging",
      "overridden": false
    },
    "@bitwarden/managed-settings": {
      "version": "0.0.1",
      "resolved": "file:../../libs/managed-settings",
      "overridden": false
    },
    "@bitwarden/messaging": {
      "version": "0.0.1",
      "resolved": "file:../../libs/messaging",
      "overridden": false
    },
    "@bitwarden/node": {
      "version": "0.0.0",
      "resolved": "file:../../libs/node",
      "overridden": false
    },
    "@bitwarden/nx-plugin": {
      "version": "0.0.1",
      "resolved": "file:../../libs/nx-plugin",
      "overridden": false
    },
    "@bitwarden/organization-invite-link": {
      "version": "0.0.1",
      "resolved": "file:../../libs/organization-invite-link",
      "overridden": false
    },
    "@bitwarden/pam": {
      "version": "0.0.1",
      "resolved": "file:../../libs/pam",
      "overridden": false
    },
    "@bitwarden/platform": {
      "version": "0.0.0",
      "resolved": "file:../../libs/platform",
      "overridden": false
    },
    "@bitwarden/pricing": {
      "version": "0.0.0",
      "resolved": "file:../../libs/pricing",
      "overridden": false
    },
    "@bitwarden/scheduling": {
      "version": "0.0.1",
      "resolved": "file:../../libs/scheduling",
      "overridden": false
    },
    "@bitwarden/sdk-internal": {
      "version": "0.2.0-main.1001",
      "resolved": "https://registry.npmjs.org/@bitwarden/sdk-internal/-/sdk-internal-0.2.0-main.1001.tgz",
      "overridden": false
    },
    "@bitwarden/send-ui": {
      "version": "0.0.0",
      "resolved": "file:../../libs/tools/send/send-ui",
      "overridden": false
    },
    "@bitwarden/serialization": {
      "version": "0.0.1",
      "resolved": "file:../../libs/serialization",
      "overridden": false
    },
    "@bitwarden/state-internal": {
      "version": "0.0.1",
      "resolved": "file:../../libs/state-internal",
      "overridden": false
    },
    "@bitwarden/state-test-utils": {
      "version": "0.0.1",
      "resolved": "file:../../libs/state-test-utils",
      "overridden": false
    },
    "@bitwarden/state": {
      "version": "0.0.1",
      "resolved": "file:../../libs/state",
      "overridden": false
    },
    "@bitwarden/storage-core": {
      "version": "0.0.1",
      "resolved": "file:../../libs/storage-core",
      "overridden": false
    },
    "@bitwarden/storage-test-utils": {
      "version": "0.0.1",
      "resolved": "file:../../libs/storage-test-utils",
      "overridden": false
    },
    "@bitwarden/storybook": {
      "version": "0.0.1",
      "resolved": "file:../../libs/storybook",
      "overridden": false
    },
    "@bitwarden/subscription": {
      "version": "0.0.1",
      "resolved": "file:../../libs/subscription",
      "overridden": false
    },
    "@bitwarden/ui-common": {
      "version": "0.0.0",
      "resolved": "file:../../libs/ui/common",
      "overridden": false
    },
    "@bitwarden/unlock": {
      "version": "0.0.1",
      "resolved": "file:../../libs/unlock",
      "overridden": false
    },
    "@bitwarden/user-core": {
      "version": "0.0.0",
      "resolved": "file:../../libs/user-core",
      "overridden": false
    },
    "@bitwarden/user-crypto-management": {
      "version": "0.0.1",
      "resolved": "file:../../libs/user-crypto-management",
      "overridden": false
    },
    "@bitwarden/vault-export-core": {
      "version": "0.0.0",
      "resolved": "file:../../libs/tools/export-vault-core",
      "overridden": false
    },
    "@bitwarden/vault-export-ui": {
      "version": "0.0.0",
      "resolved": "file:../../libs/tools/export-vault-ui",
      "overridden": false
    },
    "@bitwarden/vault": {
      "version": "0.0.0",
      "resolved": "file:../../libs/vault",
      "overridden": false
    },
    "@bitwarden/web-vault": {
      "version": "2026.8.1",
      "resolved": "file:../../apps/web",
      "overridden": false
    },
    "@bufbuild/protobuf": {
      "version": "2.13.0",
      "resolved": "https://registry.npmjs.org/@bufbuild/protobuf/-/protobuf-2.13.0.tgz",
      "overridden": false
    },
    "@compodoc/compodoc": {
      "version": "1.2.1",
      "resolved": "https://registry.npmjs.org/@compodoc/compodoc/-/compodoc-1.2.1.tgz",
      "overridden": false
    },
    "@electron/fuses": {
      "version": "2.1.1",
      "resolved": "https://registry.npmjs.org/@electron/fuses/-/fuses-2.1.1.tgz",
      "overridden": false
    },
    "@electron/notarize": {
      "version": "3.1.1",
      "resolved": "https://registry.npmjs.org/@electron/notarize/-/notarize-3.1.1.tgz",
      "overridden": false
    },
    "@electron/rebuild": {
      "version": "4.0.4",
      "resolved": "https://registry.npmjs.org/@electron/rebuild/-/rebuild-4.0.4.tgz",
      "overridden": false
    },
    "@emotion/css": {
      "version": "11.13.5",
      "resolved": "https://registry.npmjs.org/@emotion/css/-/css-11.13.5.tgz",
      "overridden": false
    },
    "@eslint/compat": {
      "version": "2.0.5",
      "resolved": "https://registry.npmjs.org/@eslint/compat/-/compat-2.0.5.tgz",
      "overridden": false
    },
    "@koa/multer": {
      "version": "4.0.0",
      "resolved": "https://registry.npmjs.org/@koa/multer/-/multer-4.0.0.tgz",
      "overridden": false
    },
    "@koa/router": {
      "version": "15.7.0",
      "resolved": "https://registry.npmjs.org/@koa/router/-/router-15.7.0.tgz",
      "overridden": false
    },
    "@lit-labs/signals": {
      "version": "0.3.0",
      "resolved": "https://registry.npmjs.org/@lit-labs/signals/-/signals-0.3.0.tgz",
      "overridden": false
    },
    "@microsoft/signalr-protocol-msgpack": {
      "version": "10.0.0",
      "resolved": "https://registry.npmjs.org/@microsoft/signalr-protocol-msgpack/-/signalr-protocol-msgpack-10.0.0.tgz",
      "overridden": false
    },
    "@microsoft/signalr": {
      "version": "10.0.0",
      "resolved": "https://registry.npmjs.org/@microsoft/signalr/-/signalr-10.0.0.tgz",
      "overridden": false
    },
    "@ng-select/ng-select": {
      "version": "21.8.2",
      "resolved": "https://registry.npmjs.org/@ng-select/ng-select/-/ng-select-21.8.2.tgz",
      "overridden": false
    },
    "@ngtools/webpack": {
      "version": "21.2.9",
      "resolved": "https://registry.npmjs.org/@ngtools/webpack/-/webpack-21.2.9.tgz",
      "overridden": false
    },
    "@nx/devkit": {
      "version": "22.6.5",
      "resolved": "https://registry.npmjs.org/@nx/devkit/-/devkit-22.6.5.tgz",
      "overridden": false
    },
    "@nx/eslint": {
      "version": "22.6.5",
      "resolved": "https://registry.npmjs.org/@nx/eslint/-/eslint-22.6.5.tgz",
      "overridden": false
    },
    "@nx/jest": {
      "version": "22.6.5",
      "resolved": "https://registry.npmjs.org/@nx/jest/-/jest-22.6.5.tgz",
      "overridden": false
    },
    "@nx/js": {
      "version": "22.6.5",
      "resolved": "https://registry.npmjs.org/@nx/js/-/js-22.6.5.tgz",
      "overridden": false
    },
    "@nx/webpack": {
      "version": "22.6.5",
      "resolved": "https://registry.npmjs.org/@nx/webpack/-/webpack-22.6.5.tgz",
      "overridden": false
    },
    "@storybook/addon-a11y": {
      "version": "10.3.6",
      "resolved": "https://registry.npmjs.org/@storybook/addon-a11y/-/addon-a11y-10.3.6.tgz",
      "overridden": false,
      "invalid": "\"10.6.0-beta.0\" from the root project",
      "problems": [
        "invalid: @storybook/addon-a11y@10.3.6 /tmp/qa-10.6/bitwarden/node_modules/@storybook/addon-a11y"
      ]
    },
    "@storybook/addon-designs": {
      "version": "11.1.3",
      "resolved": "https://registry.npmjs.org/@storybook/addon-designs/-/addon-designs-11.1.3.tgz",
      "overridden": false,
      "invalid": "\"11.0.0-next.0\" from the root project",
      "problems": [
        "invalid: @storybook/addon-designs@11.1.3 /tmp/qa-10.6/bitwarden/node_modules/@storybook/addon-designs"
      ]
    },
    "@storybook/addon-docs": {
      "version": "10.3.6",
      "resolved": "https://registry.npmjs.org/@storybook/addon-docs/-/addon-docs-10.3.6.tgz",
      "overridden": false,
      "invalid": "\"10.6.0-beta.0\" from the root project",
      "problems": [
        "invalid: @storybook/addon-docs@10.3.6 /tmp/qa-10.6/bitwarden/node_modules/@storybook/addon-docs"
      ]
    },
    "@storybook/addon-links": {
      "version": "10.3.6",
      "resolved": "https://registry.npmjs.org/@storybook/addon-links/-/addon-links-10.3.6.tgz",
      "overridden": false,
      "invalid": "\"10.6.0-beta.0\" from the root project",
      "problems": [
        "invalid: @storybook/addon-links@10.3.6 /tmp/qa-10.6/bitwarden/node_modules/@storybook/addon-links"
      ]
    },
    "@storybook/addon-themes": {
      "version": "10.3.6",
      "resolved": "https://registry.npmjs.org/@storybook/addon-themes/-/addon-themes-10.3.6.tgz",
      "overridden": false,
      "invalid": "\"10.6.0-beta.0\" from the root project",
      "problems": [
        "invalid: @storybook/addon-themes@10.3.6 /tmp/qa-10.6/bitwarden/node_modules/@storybook/addon-themes"
      ]
    },
    "@storybook/angular": {
      "version": "10.3.6",
      "resolved": "https://registry.npmjs.org/@storybook/angular/-/angular-10.3.6.tgz",
      "overridden": false,
      "invalid": "\"10.6.0-beta.0\" from the root project",
      "problems": [
        "invalid: @storybook/angular@10.3.6 /tmp/qa-10.6/bitwarden/node_modules/@storybook/angular"
      ]
    },
    "@storybook/test-runner": {
      "version": "0.24.4",
      "resolved": "https://registry.npmjs.org/@storybook/test-runner/-/test-runner-0.24.4.tgz",
      "overridden": false,
      "invalid": "\"0.24.5-next.0\" from the root project",
      "problems": [
        "invalid: @storybook/test-runner@0.24.4 /tmp/qa-10.6/bitwarden/node_modules/@storybook/test-runner"
      ]
    },
    "@storybook/web-components-vite": {
      "version": "10.3.6",
      "resolved": "https://registry.npmjs.org/@storybook/web-components-vite/-/web-components-vite-10.3.6.tgz",
      "overridden": false,
      "invalid": "\"10.6.0-beta.0\" from the root project",
      "problems": [
        "invalid: @storybook/web-components-vite@10.3.6 /tmp/qa-10.6/bitwarden/node_modules/@storybook/web-components-vite"
      ]
    },
    "@tailwindcss/container-queries": {
      "version": "0.1.1",
      "resolved": "https://registry.npmjs.org/@tailwindcss/container-queries/-/container-queries-0.1.1.tgz",
      "overridden": false
    },
    "@types/chrome": {
      "version": "0.1.28",
      "resolved": "https://registry.npmjs.org/@types/chrome/-/chrome-0.1.28.tgz",
      "overridden": false
    },
    "@types/firefox-webext-browser": {
      "version": "143.0.0",
      "resolved": "https://registry.npmjs.org/@types/firefox-webext-browser/-/firefox-webext-browser-143.0.0.tgz",
      "overridden": false
    },
    "@types/inquirer": {
      "version": "8.2.10",
      "resolved": "https://registry.npmjs.org/@types/inquirer/-/inquirer-8.2.10.tgz",
      "overridden": false
    },
    "@types/jest": {
      "version": "30.0.0",
      "resolved": "https://registry.npmjs.org/@types/jest/-/jest-30.0.0.tgz",
      "overridden": false
    },
    "@types/jsdom": {
      "version": "28.0.1",
      "resolved": "https://registry.npmjs.org/@types/jsdom/-/jsdom-28.0.1.tgz",
      "overridden": false
    },
    "@types/koa__multer": {
      "version": "2.0.7",
      "resolved": "https://registry.npmjs.org/@types/koa__multer/-/koa__multer-2.0.7.tgz",
      "overridden": false
    },
    "@types/koa-bodyparser": {
      "version": "4.3.7",
      "resolved": "https://registry.npmjs.org/@types/koa-bodyparser/-/koa-bodyparser-4.3.7.tgz",
      "overridden": false
    },
    "@types/koa-json": {
      "version": "2.0.24",
      "resolved": "https://registry.npmjs.org/@types/koa-json/-/koa-json-2.0.24.tgz",
      "overridden": false
    },
    "@types/koa": {
      "version": "3.0.1",
      "resolved": "https://registry.npmjs.org/@types/koa/-/koa-3.0.1.tgz",
      "overridden": false
    },
    "@types/lowdb": {
      "version": "1.0.15",
      "resolved": "https://registry.npmjs.org/@types/lowdb/-/lowdb-1.0.15.tgz",
      "overridden": false
    },
    "@types/lunr": {
      "version": "2.3.7",
      "resolved": "https://registry.npmjs.org/@types/lunr/-/lunr-2.3.7.tgz",
      "overridden": false
    },
    "@types/node-fetch": {
      "version": "2.6.13",
      "resolved": "https://registry.npmjs.org/@types/node-fetch/-/node-fetch-2.6.13.tgz",
      "overridden": false
    },
    "@types/node-forge": {
      "version": "1.3.14",
      "resolved": "https://registry.npmjs.org/@types/node-forge/-/node-forge-1.3.14.tgz",
      "overridden": false
    },
    "@types/node": {
      "version": "22.20.1",
      "resolved": "https://registry.npmjs.org/@types/node/-/node-22.20.1.tgz",
      "overridden": false
    },
    "@types/papaparse": {
      "version": "5.5.2",
      "resolved": "https://registry.npmjs.org/@types/papaparse/-/papaparse-5.5.2.tgz",
      "overridden": false
    },
    "@types/proper-lockfile": {
      "version": "4.1.4",
      "resolved": "https://registry.npmjs.org/@types/proper-lockfile/-/proper-lockfile-4.1.4.tgz",
      "overridden": false
    },
    "@types/retry": {
      "version": "0.12.5",
      "resolved": "https://registry.npmjs.org/@types/retry/-/retry-0.12.5.tgz",
      "overridden": false
    },
    "@types/zxcvbn": {
      "version": "4.4.5",
      "resolved": "https://registry.npmjs.org/@types/zxcvbn/-/zxcvbn-4.4.5.tgz",
      "overridden": false
    },
    "@typescript-eslint/rule-tester": {
      "version": "8.59.1",
      "resolved": "https://registry.npmjs.org/@typescript-eslint/rule-tester/-/rule-tester-8.59.1.tgz",
      "overridden": false
    },
    "@typescript-eslint/utils": {
      "version": "8.59.1",
      "resolved": "https://registry.npmjs.org/@typescript-eslint/utils/-/utils-8.59.1.tgz",
      "overridden": false
    },
    "@webcomponents/custom-elements": {
      "version": "1.6.0",
      "resolved": "https://registry.npmjs.org/@webcomponents/custom-elements/-/custom-elements-1.6.0.tgz",
      "overridden": false
    },
    "@yao-pkg/pkg": {
      "version": "6.5.1",
      "resolved": "https://registry.npmjs.org/@yao-pkg/pkg/-/pkg-6.5.1.tgz",
      "overridden": false
    },
    "angular-eslint": {
      "version": "20.7.0",
      "resolved": "https://registry.npmjs.org/angular-eslint/-/angular-eslint-20.7.0.tgz",
      "overridden": false
    },
    "autoprefixer": {
      "version": "10.4.22",
      "resolved": "https://registry.npmjs.org/autoprefixer/-/autoprefixer-10.4.22.tgz",
      "overridden": false
    },
    "axe-playwright": {
      "version": "2.2.2",
      "resolved": "https://registry.npmjs.org/axe-playwright/-/axe-playwright-2.2.2.tgz",
      "overridden": false
    },
    "babel-loader": {
      "version": "10.1.1",
      "resolved": "https://registry.npmjs.org/babel-loader/-/babel-loader-10.1.1.tgz",
      "overridden": false
    },
    "base64-loader": {
      "version": "1.0.0",
      "resolved": "https://registry.npmjs.org/base64-loader/-/base64-loader-1.0.0.tgz",
      "overridden": false
    },
    "big-integer": {
      "version": "1.6.52",
      "resolved": "https://registry.npmjs.org/big-integer/-/big-integer-1.6.52.tgz",
      "overridden": false
    },
    "braintree-web-drop-in": {
      "version": "1.46.0",
      "resolved": "https://registry.npmjs.org/braintree-web-drop-in/-/braintree-web-drop-in-1.46.0.tgz",
      "overridden": false
    },
    "browserslist": {
      "version": "4.28.2",
      "resolved": "https://registry.npmjs.org/browserslist/-/browserslist-4.28.2.tgz",
      "overridden": false
    },
    "buffer": {
      "version": "6.0.3",
      "resolved": "https://registry.npmjs.org/buffer/-/buffer-6.0.3.tgz",
      "overridden": false
    },
    "bufferutil": {
      "version": "4.1.0",
      "resolved": "https://registry.npmjs.org/bufferutil/-/bufferutil-4.1.0.tgz",
      "overridden": false
    },
    "chalk": {
      "version": "4.1.2",
      "resolved": "https://registry.npmjs.org/chalk/-/chalk-4.1.2.tgz",
      "overridden": false
    },
    "chart.js": {
      "version": "4.5.1",
      "resolved": "https://registry.npmjs.org/chart.js/-/chart.js-4.5.1.tgz",
      "overridden": false
    },
    "chartjs-adapter-date-fns": {
      "version": "3.0.0",
      "resolved": "https://registry.npmjs.org/chartjs-adapter-date-fns/-/chartjs-adapter-date-fns-3.0.0.tgz",
      "overridden": false
    },
    "chromatic": {
      "version": "18.0.1",
      "resolved": "https://registry.npmjs.org/chromatic/-/chromatic-18.0.1.tgz",
      "overridden": false
    },
    "commander": {
      "version": "14.0.0",
      "resolved": "https://registry.npmjs.org/commander/-/commander-14.0.0.tgz",
      "overridden": false
    },
    "concurrently": {
      "version": "9.2.1",
      "resolved": "https://registry.npmjs.org/concurrently/-/concurrently-9.2.1.tgz",
      "overridden": false
    },
    "copy-webpack-plugin": {
      "version": "14.0.0",
      "resolved": "https://registry.npmjs.org/copy-webpack-plugin/-/copy-webpack-plugin-14.0.0.tgz",
      "overridden": false
    },
    "core-js": {
      "version": "3.50.0",
      "resolved": "https://registry.npmjs.org/core-js/-/core-js-3.50.0.tgz",
      "overridden": false
    },
    "cross-env": {
      "version": "10.1.0",
      "resolved": "https://registry.npmjs.org/cross-env/-/cross-env-10.1.0.tgz",
      "overridden": false
    },
    "css-loader": {
      "version": "7.1.4",
      "resolved": "https://registry.npmjs.org/css-loader/-/css-loader-7.1.4.tgz",
      "overridden": false
    },
    "electron-builder": {
      "version": "26.9.0",
      "resolved": "https://registry.npmjs.org/electron-builder/-/electron-builder-26.9.0.tgz",
      "overridden": false
    },
    "electron-log": {
      "version": "5.4.3",
      "resolved": "https://registry.npmjs.org/electron-log/-/electron-log-5.4.3.tgz",
      "overridden": false
    },
    "electron-reload": {
      "version": "2.0.0-alpha.1",
      "resolved": "https://registry.npmjs.org/electron-reload/-/electron-reload-2.0.0-alpha.1.tgz",
      "overridden": false
    },
    "electron-store": {
      "version": "11.0.2",
      "resolved": "https://registry.npmjs.org/electron-store/-/electron-store-11.0.2.tgz",
      "overridden": false
    },
    "electron-updater": {
      "version": "6.8.3",
      "resolved": "https://registry.npmjs.org/electron-updater/-/electron-updater-6.8.3.tgz",
      "overridden": false
    },
    "electron": {
      "version": "43.2.0",
      "resolved": "https://registry.npmjs.org/electron/-/electron-43.2.0.tgz",
      "overridden": false
    },
    "eslint-config-prettier": {
      "version": "10.1.8",
      "resolved": "https://registry.npmjs.org/eslint-config-prettier/-/eslint-config-prettier-10.1.8.tgz",
      "overridden": false
    },
    "eslint-import-resolver-typescript": {
      "version": "4.4.4",
      "resolved": "https://registry.npmjs.org/eslint-import-resolver-typescript/-/eslint-import-resolver-typescript-4.4.4.tgz",
      "overridden": false
    },
    "eslint-plugin-import": {
      "version": "2.32.0",
      "resolved": "https://registry.npmjs.org/eslint-plugin-import/-/eslint-plugin-import-2.32.0.tgz",
      "overridden": false
    },
    "eslint-plugin-jest": {
      "version": "29.15.2",
      "resolved": "https://registry.npmjs.org/eslint-plugin-jest/-/eslint-plugin-jest-29.15.2.tgz",
      "overridden": false
    },
    "eslint-plugin-rxjs-angular": {
      "version": "2.0.1",
      "resolved": "https://registry.npmjs.org/eslint-plugin-rxjs-angular/-/eslint-plugin-rxjs-angular-2.0.1.tgz",
      "overridden": false
    },
    "eslint-plugin-rxjs": {
      "version": "5.0.3",
      "resolved": "https://registry.npmjs.org/eslint-plugin-rxjs/-/eslint-plugin-rxjs-5.0.3.tgz",
      "overridden": false
    },
    "eslint-plugin-storybook": {
      "version": "10.3.6",
      "resolved": "https://registry.npmjs.org/eslint-plugin-storybook/-/eslint-plugin-storybook-10.3.6.tgz",
      "overridden": false,
      "invalid": "\"10.6.0-beta.0\" from the root project",
      "problems": [
        "invalid: eslint-plugin-storybook@10.3.6 /tmp/qa-10.6/bitwarden/node_modules/eslint-plugin-storybook"
      ]
    },
    "eslint-plugin-tailwindcss": {
      "version": "3.18.3",
      "resolved": "https://registry.npmjs.org/eslint-plugin-tailwindcss/-/eslint-plugin-tailwindcss-3.18.3.tgz",
      "overridden": false
    },
    "eslint": {
      "version": "9.39.4",
      "resolved": "https://registry.npmjs.org/eslint/-/eslint-9.39.4.tgz",
      "overridden": false
    },
    "fantasticon": {
      "version": "4.1.0",
      "resolved": "https://registry.npmjs.org/fantasticon/-/fantasticon-4.1.0.tgz",
      "overridden": false
    },
    "form-data": {
      "version": "4.0.6",
      "resolved": "https://registry.npmjs.org/form-data/-/form-data-4.0.6.tgz",
      "overridden": false
    },
    "html-loader": {
      "version": "5.1.0",
      "resolved": "https://registry.npmjs.org/html-loader/-/html-loader-5.1.0.tgz",
      "overridden": false
    },
    "html-webpack-injector": {
      "version": "1.1.4",
      "resolved": "https://registry.npmjs.org/html-webpack-injector/-/html-webpack-injector-1.1.4.tgz",
      "overridden": false
    },
    "html-webpack-plugin": {
      "version": "5.6.6",
      "resolved": "https://registry.npmjs.org/html-webpack-plugin/-/html-webpack-plugin-5.6.6.tgz",
      "overridden": false
    },
    "https-proxy-agent": {
      "version": "9.1.0",
      "resolved": "https://registry.npmjs.org/https-proxy-agent/-/https-proxy-agent-9.1.0.tgz",
      "overridden": false
    },
    "husky": {
      "version": "9.1.7",
      "resolved": "https://registry.npmjs.org/husky/-/husky-9.1.7.tgz",
      "overridden": false
    },
    "inquirer": {
      "version": "8.2.6",
      "resolved": "https://registry.npmjs.org/inquirer/-/inquirer-8.2.6.tgz",
      "overridden": false
    },
    "jest-diff": {
      "version": "30.3.0",
      "resolved": "https://registry.npmjs.org/jest-diff/-/jest-diff-30.3.0.tgz",
      "overridden": false
    },
    "jest-environment-jsdom": {
      "version": "29.7.0",
      "resolved": "https://registry.npmjs.org/jest-environment-jsdom/-/jest-environment-jsdom-29.7.0.tgz",
      "overridden": true
    },
    "jest-junit": {
      "version": "17.0.0",
      "resolved": "https://registry.npmjs.org/jest-junit/-/jest-junit-17.0.0.tgz",
      "overridden": false
    },
    "jest-mock-extended": {
      "version": "4.0.1",
      "resolved": "https://registry.npmjs.org/jest-mock-extended/-/jest-mock-extended-4.0.1.tgz",
      "overridden": false
    },
    "jest-preset-angular": {
      "version": "17.0.0",
      "resolved": "https://registry.npmjs.org/jest-preset-angular/-/jest-preset-angular-17.0.0.tgz",
      "overridden": false
    },
    "jest": {
      "version": "30.3.0",
      "resolved": "https://registry.npmjs.org/jest/-/jest-30.3.0.tgz",
      "overridden": false
    },
    "jsdom": {
      "version": "26.1.0",
      "resolved": "https://registry.npmjs.org/jsdom/-/jsdom-26.1.0.tgz",
      "overridden": false
    },
    "json5": {
      "version": "2.2.3",
      "resolved": "https://registry.npmjs.org/json5/-/json5-2.2.3.tgz",
      "overridden": false
    },
    "jszip": {
      "version": "3.10.1",
      "resolved": "https://registry.npmjs.org/jszip/-/jszip-3.10.1.tgz",
      "overridden": false
    },
    "koa-bodyparser": {
      "version": "4.4.1",
      "resolved": "https://registry.npmjs.org/koa-bodyparser/-/koa-bodyparser-4.4.1.tgz",
      "overridden": false
    },
    "koa-json": {
      "version": "2.0.2",
      "resolved": "https://registry.npmjs.org/koa-json/-/koa-json-2.0.2.tgz",
      "overridden": false
    },
    "koa": {
      "version": "3.1.2",
      "resolved": "https://registry.npmjs.org/koa/-/koa-3.1.2.tgz",
      "overridden": false
    },
    "lint-staged": {
      "version": "17.0.5",
      "resolved": "https://registry.npmjs.org/lint-staged/-/lint-staged-17.0.5.tgz",
      "overridden": false
    },
    "lit": {
      "version": "3.3.1",
      "resolved": "https://registry.npmjs.org/lit/-/lit-3.3.1.tgz",
      "overridden": false
    },
    "lowdb": {
      "version": "1.0.0",
      "resolved": "https://registry.npmjs.org/lowdb/-/lowdb-1.0.0.tgz",
      "overridden": false
    },
    "lunr": {
      "version": "2.3.9",
      "resolved": "https://registry.npmjs.org/lunr/-/lunr-2.3.9.tgz",
      "overridden": false
    },
    "mini-css-extract-plugin": {
      "version": "2.10.2",
      "resolved": "https://registry.npmjs.org/mini-css-extract-plugin/-/mini-css-extract-plugin-2.10.2.tgz",
      "overridden": false
    },
    "multer": {
      "version": "2.2.0",
      "resolved": "https://registry.npmjs.org/multer/-/multer-2.2.0.tgz",
      "overridden": false
    },
    "ngx-toastr": {
      "version": "19.1.0",
      "resolved": "https://registry.npmjs.org/ngx-toastr/-/ngx-toastr-19.1.0.tgz",
      "overridden": false
    },
    "node-fetch": {
      "version": "2.7.0",
      "resolved": "https://registry.npmjs.org/node-fetch/-/node-fetch-2.7.0.tgz",
      "overridden": false
    },
    "node-forge": {
      "version": "1.4.0",
      "resolved": "https://registry.npmjs.org/node-forge/-/node-forge-1.4.0.tgz",
      "overridden": false
    },
    "nx": {
      "version": "22.7.7",
      "resolved": "https://registry.npmjs.org/nx/-/nx-22.7.7.tgz",
      "overridden": false
    },
    "oauth4webapi": {
      "version": "3.8.6",
      "resolved": "https://registry.npmjs.org/oauth4webapi/-/oauth4webapi-3.8.6.tgz",
      "overridden": false
    },
    "open": {
      "version": "8.4.2",
      "resolved": "https://registry.npmjs.org/open/-/open-8.4.2.tgz",
      "overridden": false
    },
    "papaparse": {
      "version": "5.5.3",
      "resolved": "https://registry.npmjs.org/papaparse/-/papaparse-5.5.3.tgz",
      "overridden": false
    },
    "path-browserify": {
      "version": "1.0.1",
      "resolved": "https://registry.npmjs.org/path-browserify/-/path-browserify-1.0.1.tgz",
      "overridden": false
    },
    "postcss-loader": {
      "version": "8.2.1",
      "resolved": "https://registry.npmjs.org/postcss-loader/-/postcss-loader-8.2.1.tgz",
      "overridden": false
    },
    "postcss": {
      "version": "8.5.23",
      "resolved": "https://registry.npmjs.org/postcss/-/postcss-8.5.23.tgz",
      "overridden": false
    },
    "prettier-plugin-tailwindcss": {
      "version": "0.8.0",
      "resolved": "https://registry.npmjs.org/prettier-plugin-tailwindcss/-/prettier-plugin-tailwindcss-0.8.0.tgz",
      "overridden": false
    },
    "prettier": {
      "version": "3.9.5",
      "resolved": "https://registry.npmjs.org/prettier/-/prettier-3.9.5.tgz",
      "overridden": false
    },
    "process": {
      "version": "0.11.10",
      "resolved": "https://registry.npmjs.org/process/-/process-0.11.10.tgz",
      "overridden": false
    },
    "proper-lockfile": {
      "version": "4.1.2",
      "resolved": "https://registry.npmjs.org/proper-lockfile/-/proper-lockfile-4.1.2.tgz",
      "overridden": false
    },
    "qrcode-parser": {
      "version": "2.1.3",
      "resolved": "https://registry.npmjs.org/qrcode-parser/-/qrcode-parser-2.1.3.tgz",
      "overridden": false
    },
    "qrious": {
      "version": "4.0.2",
      "resolved": "https://registry.npmjs.org/qrious/-/qrious-4.0.2.tgz",
      "overridden": false
    },
    "remark-gfm": {
      "version": "4.0.1",
      "resolved": "https://registry.npmjs.org/remark-gfm/-/remark-gfm-4.0.1.tgz",
      "overridden": false
    },
    "rimraf": {
      "version": "6.1.2",
      "resolved": "https://registry.npmjs.org/rimraf/-/rimraf-6.1.2.tgz",
      "overridden": false
    },
    "rxjs": {
      "version": "7.8.1",
      "resolved": "https://registry.npmjs.org/rxjs/-/rxjs-7.8.1.tgz",
      "overridden": false
    },
    "sass-loader": {
      "version": "16.0.7",
      "resolved": "https://registry.npmjs.org/sass-loader/-/sass-loader-16.0.7.tgz",
      "overridden": false
    },
    "sass": {
      "version": "1.99.0",
      "resolved": "https://registry.npmjs.org/sass/-/sass-1.99.0.tgz",
      "overridden": false
    },
    "semver": {
      "version": "7.7.3",
      "resolved": "https://registry.npmjs.org/semver/-/semver-7.7.3.tgz",
      "overridden": false
    },
    "storybook": {
      "version": "10.3.6",
      "resolved": "https://registry.npmjs.org/storybook/-/storybook-10.3.6.tgz",
      "overridden": false,
      "invalid": "\"10.6.0-beta.0\" from the root project",
      "problems": [
        "invalid: storybook@10.3.6 /tmp/qa-10.6/bitwarden/node_modules/storybook"
      ]
    },
    "style-loader": {
      "version": "4.0.0",
      "resolved": "https://registry.npmjs.org/style-loader/-/style-loader-4.0.0.tgz",
      "overridden": false
    },
    "svgo": {
      "version": "4.0.1",
      "resolved": "https://registry.npmjs.org/svgo/-/svgo-4.0.1.tgz",
      "overridden": false
    },
    "tabbable": {
      "version": "6.4.0",
      "resolved": "https://registry.npmjs.org/tabbable/-/tabbable-6.4.0.tgz",
      "overridden": false
    },
    "tailwindcss": {
      "version": "3.4.18",
      "resolved": "https://registry.npmjs.org/tailwindcss/-/tailwindcss-3.4.18.tgz",
      "overridden": false
    },
    "tldts": {
      "version": "7.4.2",
      "resolved": "https://registry.npmjs.org/tldts/-/tldts-7.4.2.tgz",
      "overridden": false
    },
    "ts-jest": {
      "version": "29.4.9",
      "resolved": "https://registry.npmjs.org/ts-jest/-/ts-jest-29.4.9.tgz",
      "overridden": false
    },
    "ts-loader": {
      "version": "9.5.7",
      "resolved": "https://registry.npmjs.org/ts-loader/-/ts-loader-9.5.7.tgz",
      "overridden": false
    },
    "ts-node": {
      "version": "10.9.2",
      "resolved": "https://registry.npmjs.org/ts-node/-/ts-node-10.9.2.tgz",
      "overridden": false
    },
    "tsconfig-paths-webpack-plugin": {
      "version": "4.2.0",
      "resolved": "https://registry.npmjs.org/tsconfig-paths-webpack-plugin/-/tsconfig-paths-webpack-plugin-4.2.0.tgz",
      "overridden": false
    },
    "type-fest": {
      "version": "2.19.0",
      "resolved": "https://registry.npmjs.org/type-fest/-/type-fest-2.19.0.tgz",
      "overridden": false
    },
    "typescript-eslint": {
      "version": "8.59.1",
      "resolved": "https://registry.npmjs.org/typescript-eslint/-/typescript-eslint-8.59.1.tgz",
      "overridden": false
    },
    "typescript-strict-plugin": {
      "version": "2.4.4",
      "resolved": "https://registry.npmjs.org/typescript-strict-plugin/-/typescript-strict-plugin-2.4.4.tgz",
      "overridden": false
    },
    "typescript": {
      "version": "5.9.3",
      "resolved": "https://registry.npmjs.org/typescript/-/typescript-5.9.3.tgz",
      "overridden": false
    },
    "url": {
      "version": "0.11.4",
      "resolved": "https://registry.npmjs.org/url/-/url-0.11.4.tgz",
      "overridden": false
    },
    "utf-8-validate": {
      "version": "6.0.5",
      "resolved": "https://registry.npmjs.org/utf-8-validate/-/utf-8-validate-6.0.5.tgz",
      "overridden": false
    },
    "util": {
      "version": "0.12.5",
      "resolved": "https://registry.npmjs.org/util/-/util-0.12.5.tgz",
      "overridden": false
    },
    "vite-tsconfig-paths": {
      "version": "6.1.1",
      "resolved": "https://registry.npmjs.org/vite-tsconfig-paths/-/vite-tsconfig-paths-6.1.1.tgz",
      "overridden": false
    },
    "wait-on": {
      "version": "9.1.0",
      "resolved": "https://registry.npmjs.org/wait-on/-/wait-on-9.1.0.tgz",
      "overridden": false
    },
    "webpack-cli": {
      "version": "7.0.2",
      "resolved": "https://registry.npmjs.org/webpack-cli/-/webpack-cli-7.0.2.tgz",
      "overridden": false
    },
    "webpack-dev-server": {
      "version": "5.2.6",
      "resolved": "https://registry.npmjs.org/webpack-dev-server/-/webpack-dev-server-5.2.6.tgz",
      "overridden": false
    },
    "webpack-node-externals": {
      "version": "3.0.0",
      "resolved": "https://registry.npmjs.org/webpack-node-externals/-/webpack-node-externals-3.0.0.tgz",
      "overridden": false
    },
    "webpack": {
      "version": "5.106.2",
      "resolved": "https://registry.npmjs.org/webpack/-/webpack-5.106.2.tgz",
      "overridden": false
    },
    "zone.js": {
      "version": "0.15.1",
      "resolved": "https://registry.npmjs.org/zone.js/-/zone.js-0.15.1.tgz",
      "overridden": false
    },
    "zxcvbn": {
      "version": "4.4.2",
      "resolved": "https://registry.npmjs.org/zxcvbn/-/zxcvbn-4.4.2.tgz",
      "overridden": false
    }
  },
  "error": {
    "code": "ELSPROBLEMS",
    "summary": "invalid: @storybook/addon-a11y@10.3.6 /tmp/qa-10.6/bitwarden/node_modules/@storybook/addon-a11y\ninvalid: @storybook/addon-designs@11.1.3 /tmp/qa-10.6/bitwarden/node_modules/@storybook/addon-designs\ninvalid: @storybook/addon-docs@10.3.6 /tmp/qa-10.6/bitwarden/node_modules/@storybook/addon-docs\ninvalid: @storybook/addon-links@10.3.6 /tmp/qa-10.6/bitwarden/node_modules/@storybook/addon-links\ninvalid: @storybook/addon-themes@10.3.6 /tmp/qa-10.6/bitwarden/node_modules/@storybook/addon-themes\ninvalid: @storybook/angular@10.3.6 /tmp/qa-10.6/bitwarden/node_modules/@storybook/angular\ninvalid: @storybook/test-runner@0.24.4 /tmp/qa-10.6/bitwarden/node_modules/@storybook/test-runner\ninvalid: @storybook/web-components-vite@10.3.6 /tmp/qa-10.6/bitwarden/node_modules/@storybook/web-components-vite\ninvalid: eslint-plugin-storybook@10.3.6 /tmp/qa-10.6/bitwarden/node_modules/eslint-plugin-storybook\ninvalid: storybook@10.3.6 /tmp/qa-10.6/bitwarden/node_modules/storybook",
    "detail": ""
  }
}
[07:40:17.721] [DEBUG] No installations found for @storybook/addon-designs
[07:40:17.721] [DEBUG] Getting CLI versions from NPM for @storybook/addon-designs...
[07:40:17.721] [DEBUG] Executing command: npm info @storybook/addon-designs version
[07:40:17.928] [DEBUG] Checking fix initial-globals for project /.storybook...
[07:40:17.933] [DEBUG] Checking fix addon-globals-api for project /.storybook...
[07:40:17.936] [DEBUG] Checking fix addon-a11y-addon-test for project /.storybook...
[07:40:17.937] [DEBUG] Checking fix consolidated-imports for project /.storybook...
[07:40:17.937] [DEBUG] Checking fix addon-experimental-test for project /.storybook...
[07:40:17.937] [DEBUG] Using cached installed version for @storybook/experimental-addon-test...
[07:40:17.937] [DEBUG] Checking fix rnstorybook-config for project /.storybook...
[07:40:17.937] [DEBUG] Using cached package.json for /tmp/qa-10.6/bitwarden/package.json...
[07:40:17.938] [DEBUG] Using cached package.json for /tmp/qa-10.6/bitwarden/libs/vault/package.json...
[07:40:17.938] [DEBUG] Using cached package.json for /tmp/qa-10.6/bitwarden/libs/tools/send/send-ui/package.json...
[07:40:17.938] [DEBUG] Using cached package.json for /tmp/qa-10.6/bitwarden/libs/subscription/package.json...
[07:40:17.938] [DEBUG] Using cached package.json for /tmp/qa-10.6/bitwarden/libs/storybook/package.json...
[07:40:17.938] [DEBUG] Using cached package.json for /tmp/qa-10.6/bitwarden/libs/pricing/package.json...
[07:40:17.938] [DEBUG] Using cached package.json for /tmp/qa-10.6/bitwarden/libs/dirt/card/package.json...
[07:40:17.938] [DEBUG] Using cached package.json for /tmp/qa-10.6/bitwarden/libs/components/package.json...
[07:40:17.938] [DEBUG] Using cached package.json for /tmp/qa-10.6/bitwarden/libs/auth/package.json...
[07:40:17.938] [DEBUG] Using cached package.json for /tmp/qa-10.6/bitwarden/libs/angular/package.json...
[07:40:17.938] [DEBUG] Using cached package.json for /tmp/qa-10.6/bitwarden/apps/web/package.json...
[07:40:17.938] [DEBUG] Using cached package.json for /tmp/qa-10.6/bitwarden/apps/browser/package.json...
[07:40:17.938] [DEBUG] Checking fix rn-ondevice-addons-to-device-addons for project /.storybook...
[07:40:17.938] [DEBUG] Using cached package.json for /tmp/qa-10.6/bitwarden/package.json...
[07:40:17.938] [DEBUG] Using cached package.json for /tmp/qa-10.6/bitwarden/libs/vault/package.json...
[07:40:17.938] [DEBUG] Using cached package.json for /tmp/qa-10.6/bitwarden/libs/tools/send/send-ui/package.json...
[07:40:17.938] [DEBUG] Using cached package.json for /tmp/qa-10.6/bitwarden/libs/subscription/package.json...
[07:40:17.938] [DEBUG] Using cached package.json for /tmp/qa-10.6/bitwarden/libs/storybook/package.json...
[07:40:17.938] [DEBUG] Using cached package.json for /tmp/qa-10.6/bitwarden/libs/pricing/package.json...
[07:40:17.938] [DEBUG] Using cached package.json for /tmp/qa-10.6/bitwarden/libs/dirt/card/package.json...
[07:40:17.938] [DEBUG] Using cached package.json for /tmp/qa-10.6/bitwarden/libs/components/package.json...
[07:40:17.938] [DEBUG] Using cached package.json for /tmp/qa-10.6/bitwarden/libs/auth/package.json...
[07:40:17.938] [DEBUG] Using cached package.json for /tmp/qa-10.6/bitwarden/libs/angular/package.json...
[07:40:17.938] [DEBUG] Using cached package.json for /tmp/qa-10.6/bitwarden/apps/web/package.json...
[07:40:17.938] [DEBUG] Using cached package.json for /tmp/qa-10.6/bitwarden/apps/browser/package.json...
[07:40:17.938] [DEBUG] Checking fix migrate-addon-console for project /.storybook...
[07:40:17.938] [DEBUG] Using cached package.json for /tmp/qa-10.6/bitwarden/package.json...
[07:40:17.938] [DEBUG] Using cached package.json for /tmp/qa-10.6/bitwarden/libs/vault/package.json...
[07:40:17.938] [DEBUG] Using cached package.json for /tmp/qa-10.6/bitwarden/libs/tools/send/send-ui/package.json...
[07:40:17.938] [DEBUG] Using cached package.json for /tmp/qa-10.6/bitwarden/libs/subscription/package.json...
[07:40:17.938] [DEBUG] Using cached package.json for /tmp/qa-10.6/bitwarden/libs/storybook/package.json...
[07:40:17.938] [DEBUG] Using cached package.json for /tmp/qa-10.6/bitwarden/libs/pricing/package.json...
[07:40:17.938] [DEBUG] Using cached package.json for /tmp/qa-10.6/bitwarden/libs/dirt/card/package.json...
[07:40:17.938] [DEBUG] Using cached package.json for /tmp/qa-10.6/bitwarden/libs/components/package.json...
[07:40:17.938] [DEBUG] Using cached package.json for /tmp/qa-10.6/bitwarden/libs/auth/package.json...
[07:40:17.938] [DEBUG] Using cached package.json for /tmp/qa-10.6/bitwarden/libs/angular/package.json...
[07:40:17.938] [DEBUG] Using cached package.json for /tmp/qa-10.6/bitwarden/apps/web/package.json...
[07:40:17.938] [DEBUG] Using cached package.json for /tmp/qa-10.6/bitwarden/apps/browser/package.json...
[07:40:17.938] [DEBUG] Checking fix nextjs-to-nextjs-vite for project /.storybook...
[07:40:17.938] [DEBUG] Using cached package.json for /tmp/qa-10.6/bitwarden/package.json...
[07:40:17.938] [DEBUG] Using cached package.json for /tmp/qa-10.6/bitwarden/libs/vault/package.json...
[07:40:17.938] [DEBUG] Using cached package.json for /tmp/qa-10.6/bitwarden/libs/tools/send/send-ui/package.json...
[07:40:17.938] [DEBUG] Using cached package.json for /tmp/qa-10.6/bitwarden/libs/subscription/package.json...
[07:40:17.938] [DEBUG] Using cached package.json for /tmp/qa-10.6/bitwarden/libs/storybook/package.json...
[07:40:17.938] [DEBUG] Using cached package.json for /tmp/qa-10.6/bitwarden/libs/pricing/package.json...
[07:40:17.938] [DEBUG] Using cached package.json for /tmp/qa-10.6/bitwarden/libs/dirt/card/package.json...
[07:40:17.938] [DEBUG] Using cached package.json for /tmp/qa-10.6/bitwarden/libs/components/package.json...
[07:40:17.938] [DEBUG] Using cached package.json for /tmp/qa-10.6/bitwarden/libs/auth/package.json...
[07:40:17.938] [DEBUG] Using cached package.json for /tmp/qa-10.6/bitwarden/libs/angular/package.json...
[07:40:17.938] [DEBUG] Using cached package.json for /tmp/qa-10.6/bitwarden/apps/web/package.json...
[07:40:17.938] [DEBUG] Using cached package.json for /tmp/qa-10.6/bitwarden/apps/browser/package.json...
[07:40:17.938] [DEBUG] Checking fix angular-to-angular-vite for project /.storybook...
[07:40:17.938] [DEBUG] Using cached package.json for /tmp/qa-10.6/bitwarden/package.json...
[07:40:17.938] [DEBUG] Using cached package.json for /tmp/qa-10.6/bitwarden/libs/vault/package.json...
[07:40:17.938] [DEBUG] Using cached package.json for /tmp/qa-10.6/bitwarden/libs/tools/send/send-ui/package.json...
[07:40:17.938] [DEBUG] Using cached package.json for /tmp/qa-10.6/bitwarden/libs/subscription/package.json...
[07:40:17.938] [DEBUG] Using cached package.json for /tmp/qa-10.6/bitwarden/libs/storybook/package.json...
[07:40:17.938] [DEBUG] Using cached package.json for /tmp/qa-10.6/bitwarden/libs/pricing/package.json...
[07:40:17.938] [DEBUG] Using cached package.json for /tmp/qa-10.6/bitwarden/libs/dirt/card/package.json...
[07:40:17.938] [DEBUG] Using cached package.json for /tmp/qa-10.6/bitwarden/libs/components/package.json...
[07:40:17.938] [DEBUG] Using cached package.json for /tmp/qa-10.6/bitwarden/libs/auth/package.json...
[07:40:17.938] [DEBUG] Using cached package.json for /tmp/qa-10.6/bitwarden/libs/angular/package.json...
[07:40:17.938] [DEBUG] Using cached package.json for /tmp/qa-10.6/bitwarden/apps/web/package.json...
[07:40:17.938] [DEBUG] Using cached package.json for /tmp/qa-10.6/bitwarden/apps/browser/package.json...
[07:40:17.938] [DEBUG] Getting installed version for @angular/core...
[07:40:17.938] [DEBUG] Executing command: npm ls --json --depth=99
[07:40:19.597] [DEBUG] Executing command: npm ls --json --depth=0
[07:40:20.846] [DEBUG] Error finding installations for @angular/core: SB_CLI_0003 (ExecaCommandFailedError): Command failed: npm ls --json --depth=0

Command failed with exit code 1: npm ls --json '--depth=0'
{
  "version": "0.0.0",
  "name": "@bitwarden/clients",
  "problems": [
    "invalid: @storybook/addon-a11y@10.3.6 /tmp/qa-10.6/bitwarden/node_modules/@storybook/addon-a11y",
    "invalid: @storybook/addon-designs@11.1.3 /tmp/qa-10.6/bitwarden/node_modules/@storybook/addon-designs",
    "invalid: @storybook/addon-docs@10.3.6 /tmp/qa-10.6/bitwarden/node_modules/@storybook/addon-docs",
    "invalid: @storybook/addon-links@10.3.6 /tmp/qa-10.6/bitwarden/node_modules/@storybook/addon-links",
    "invalid: @storybook/addon-themes@10.3.6 /tmp/qa-10.6/bitwarden/node_modules/@storybook/addon-themes",
    "invalid: @storybook/angular@10.3.6 /tmp/qa-10.6/bitwarden/node_modules/@storybook/angular",
    "invalid: @storybook/test-runner@0.24.4 /tmp/qa-10.6/bitwarden/node_modules/@storybook/test-runner",
    "invalid: @storybook/web-components-vite@10.3.6 /tmp/qa-10.6/bitwarden/node_modules/@storybook/web-components-vite",
    "invalid: eslint-plugin-storybook@10.3.6 /tmp/qa-10.6/bitwarden/node_modules/eslint-plugin-storybook",
    "invalid: storybook@10.3.6 /tmp/qa-10.6/bitwarden/node_modules/storybook"
  ],
  "dependencies": {
    "@angular-devkit/build-angular": {
      "version": "21.2.9",
      "resolved": "https://registry.npmjs.org/@angular-devkit/build-angular/-/build-angular-21.2.9.tgz",
      "overridden": false
    },
    "@angular-eslint/schematics": {
      "version": "21.3.1",
      "resolved": "https://registry.npmjs.org/@angular-eslint/schematics/-/schematics-21.3.1.tgz",
      "overridden": false
    },
    "@angular/animations": {
      "version": "21.2.17",
      "resolved": "https://registry.npmjs.org/@angular/animations/-/animations-21.2.17.tgz",
      "overridden": false
    },
    "@angular/cdk": {
      "version": "21.2.9",
      "resolved": "https://registry.npmjs.org/@angular/cdk/-/cdk-21.2.9.tgz",
      "overridden": false
    },
    "@angular/cli": {
      "version": "21.2.9",
      "resolved": "https://registry.npmjs.org/@angular/cli/-/cli-21.2.9.tgz",
      "overridden": false
    },
    "@angular/common": {
      "version": "21.2.17",
      "resolved": "https://registry.npmjs.org/@angular/common/-/common-21.2.17.tgz",
      "overridden": false
    },
    "@angular/compiler-cli": {
      "version": "21.2.17",
      "resolved": "https://registry.npmjs.org/@angular/compiler-cli/-/compiler-cli-21.2.17.tgz",
      "overridden": false
    },
    "@angular/compiler": {
      "version": "21.2.17",
      "resolved": "https://registry.npmjs.org/@angular/compiler/-/compiler-21.2.17.tgz",
      "overridden": false
    },
    "@angular/core": {
      "version": "21.2.17",
      "resolved": "https://registry.npmjs.org/@angular/core/-/core-21.2.17.tgz",
      "overridden": false
    },
    "@angular/forms": {
      "version": "21.2.17",
      "resolved": "https://registry.npmjs.org/@angular/forms/-/forms-21.2.17.tgz",
      "overridden": false
    },
    "@angular/platform-browser": {
      "version": "21.2.17",
      "resolved": "https://registry.npmjs.org/@angular/platform-browser/-/platform-browser-21.2.17.tgz",
      "overridden": false
    },
    "@angular/router": {
      "version": "21.2.17",
      "resolved": "https://registry.npmjs.org/@angular/router/-/router-21.2.17.tgz",
      "overridden": false
    },
    "@babel/core": {
      "version": "7.29.6",
      "resolved": "https://registry.npmjs.org/@babel/core/-/core-7.29.6.tgz",
      "overridden": false
    },
    "@babel/preset-env": {
      "version": "7.29.2",
      "resolved": "https://registry.npmjs.org/@babel/preset-env/-/preset-env-7.29.2.tgz",
      "overridden": false
    },
    "@bitwarden/admin-console": {
      "version": "0.0.0",
      "resolved": "file:../../libs/admin-console",
      "overridden": false
    },
    "@bitwarden/angular": {
      "version": "0.0.0",
      "resolved": "file:../../libs/angular",
      "overridden": false
    },
    "@bitwarden/assets": {
      "version": "0.0.1",
      "resolved": "file:../../libs/assets",
      "overridden": false
    },
    "@bitwarden/auth": {
      "version": "0.0.0",
      "resolved": "file:../../libs/auth",
      "overridden": false
    },
    "@bitwarden/auto-confirm": {
      "version": "0.0.1",
      "resolved": "file:../../libs/auto-confirm",
      "overridden": false
    },
    "@bitwarden/automation-driver": {
      "version": "0.0.1",
      "resolved": "file:../../libs/automation-driver",
      "overridden": false
    },
    "@bitwarden/billing": {
      "version": "0.0.0",
      "resolved": "file:../../libs/billing",
      "overridden": false
    },
    "@bitwarden/browser": {
      "version": "2026.8.0",
      "resolved": "file:../../apps/browser",
      "overridden": false
    },
    "@bitwarden/cli": {
      "version": "2026.8.0",
      "resolved": "file:../../apps/cli",
      "overridden": false,
      "dependencies": {
        "@koa/multer": {
          "version": "4.0.0"
        },
        "@koa/router": {
          "version": "15.7.0"
        },
        "big-integer": {
          "version": "1.6.52"
        },
        "browser-hrtime": {
          "version": "1.1.8",
          "resolved": "https://registry.npmjs.org/browser-hrtime/-/browser-hrtime-1.1.8.tgz",
          "overridden": false
        },
        "chalk": {
          "version": "4.1.2"
        },
        "commander": {
          "version": "14.0.0"
        },
        "core-js": {
          "version": "3.50.0"
        },
        "form-data": {
          "version": "4.0.6"
        },
        "https-proxy-agent": {
          "version": "9.1.0"
        },
        "inquirer": {
          "version": "8.2.6"
        },
        "jsdom": {
          "version": "26.1.0"
        },
        "jszip": {
          "version": "3.10.1"
        },
        "koa-bodyparser": {
          "version": "4.4.1"
        },
        "koa-json": {
          "version": "2.0.2"
        },
        "koa": {
          "version": "3.1.2"
        },
        "lowdb": {
          "version": "1.0.0"
        },
        "lunr": {
          "version": "2.3.9"
        },
        "multer": {
          "version": "2.2.0"
        },
        "node-fetch": {
          "version": "2.7.0"
        },
        "node-forge": {
          "version": "1.4.0"
        },
        "open": {
          "version": "8.4.2"
        },
        "papaparse": {
          "version": "5.5.3"
        },
        "proper-lockfile": {
          "version": "4.1.2"
        },
        "rxjs": {
          "version": "7.8.1"
        },
        "semver": {
          "version": "7.7.3"
        },
        "tldts": {
          "version": "7.4.2"
        },
        "zxcvbn": {
          "version": "4.4.2"
        }
      }
    },
    "@bitwarden/client-type": {
      "version": "0.0.1",
      "resolved": "file:../../libs/client-type",
      "overridden": false
    },
    "@bitwarden/commercial-sdk-internal": {
      "version": "0.2.0-main.1001",
      "resolved": "https://registry.npmjs.org/@bitwarden/commercial-sdk-internal/-/commercial-sdk-internal-0.2.0-main.1001.tgz",
      "overridden": false
    },
    "@bitwarden/common": {
      "version": "0.0.0",
      "resolved": "file:../../libs/common",
      "overridden": false
    },
    "@bitwarden/components": {
      "version": "0.0.0",
      "resolved": "file:../../libs/components",
      "overridden": false
    },
    "@bitwarden/core-test-utils": {
      "version": "0.0.1",
      "resolved": "file:../../libs/core-test-utils",
      "overridden": false
    },
    "@bitwarden/desktop-napi": {
      "version": "0.1.0",
      "resolved": "file:../../apps/desktop/desktop_native/napi",
      "overridden": false,
      "dependencies": {
        "@napi-rs/cli": {
          "version": "3.7.2",
          "resolved": "https://registry.npmjs.org/@napi-rs/cli/-/cli-3.7.2.tgz",
          "overridden": false
        }
      }
    },
    "@bitwarden/desktop": {
      "version": "2026.8.1",
      "resolved": "file:../../apps/desktop",
      "overridden": false,
      "dependencies": {
        "@bitwarden/desktop-napi": {
          "version": "0.1.0"
        }
      }
    },
    "@bitwarden/dirt-card": {
      "version": "0.0.0",
      "resolved": "file:../../libs/dirt/card",
      "overridden": false
    },
    "@bitwarden/generator-components": {
      "version": "0.0.0",
      "resolved": "file:../../libs/tools/generator/components",
      "overridden": false
    },
    "@bitwarden/generator-core": {
      "version": "0.0.0",
      "resolved": "file:../../libs/tools/generator/core",
      "overridden": false
    },
    "@bitwarden/generator-history": {
      "version": "0.0.0",
      "resolved": "file:../../libs/tools/generator/extensions/history",
      "overridden": false
    },
    "@bitwarden/generator-legacy": {
      "version": "0.0.0",
      "resolved": "file:../../libs/tools/generator/extensions/legacy",
      "overridden": false
    },
    "@bitwarden/generator-navigation": {
      "version": "0.0.0",
      "resolved": "file:../../libs/tools/generator/extensions/navigation",
      "overridden": false
    },
    "@bitwarden/guid": {
      "version": "0.0.1",
      "resolved": "file:../../libs/guid",
      "overridden": false
    },
    "@bitwarden/importer": {
      "version": "0.0.0",
      "resolved": "file:../../libs/importer",
      "overridden": false
    },
    "@bitwarden/key-management-ui": {
      "version": "0.0.0",
      "resolved": "file:../../libs/key-management-ui",
      "overridden": false
    },
    "@bitwarden/key-management": {
      "version": "0.0.0",
      "resolved": "file:../../libs/key-management",
      "overridden": false
    },
    "@bitwarden/legacy-crypto": {
      "version": "0.0.1",
      "resolved": "file:../../libs/legacy-crypto",
      "overridden": false
    },
    "@bitwarden/logging-angular": {
      "version": "0.0.1",
      "resolved": "file:../../libs/logging-angular",
      "overridden": false
    },
    "@bitwarden/logging": {
      "version": "0.0.1",
      "resolved": "file:../../libs/logging",
      "overridden": false
    },
    "@bitwarden/managed-settings": {
      "version": "0.0.1",
      "resolved": "file:../../libs/managed-settings",
      "overridden": false
    },
    "@bitwarden/messaging": {
      "version": "0.0.1",
      "resolved": "file:../../libs/messaging",
      "overridden": false
    },
    "@bitwarden/node": {
      "version": "0.0.0",
      "resolved": "file:../../libs/node",
      "overridden": false
    },
    "@bitwarden/nx-plugin": {
      "version": "0.0.1",
      "resolved": "file:../../libs/nx-plugin",
      "overridden": false
    },
    "@bitwarden/organization-invite-link": {
      "version": "0.0.1",
      "resolved": "file:../../libs/organization-invite-link",
      "overridden": false
    },
    "@bitwarden/pam": {
      "version": "0.0.1",
      "resolved": "file:../../libs/pam",
      "overridden": false
    },
    "@bitwarden/platform": {
      "version": "0.0.0",
      "resolved": "file:../../libs/platform",
      "overridden": false
    },
    "@bitwarden/pricing": {
      "version": "0.0.0",
      "resolved": "file:../../libs/pricing",
      "overridden": false
    },
    "@bitwarden/scheduling": {
      "version": "0.0.1",
      "resolved": "file:../../libs/scheduling",
      "overridden": false
    },
    "@bitwarden/sdk-internal": {
      "version": "0.2.0-main.1001",
      "resolved": "https://registry.npmjs.org/@bitwarden/sdk-internal/-/sdk-internal-0.2.0-main.1001.tgz",
      "overridden": false
    },
    "@bitwarden/send-ui": {
      "version": "0.0.0",
      "resolved": "file:../../libs/tools/send/send-ui",
      "overridden": false
    },
    "@bitwarden/serialization": {
      "version": "0.0.1",
      "resolved": "file:../../libs/serialization",
      "overridden": false
    },
    "@bitwarden/state-internal": {
      "version": "0.0.1",
      "resolved": "file:../../libs/state-internal",
      "overridden": false
    },
    "@bitwarden/state-test-utils": {
      "version": "0.0.1",
      "resolved": "file:../../libs/state-test-utils",
      "overridden": false
    },
    "@bitwarden/state": {
      "version": "0.0.1",
      "resolved": "file:../../libs/state",
      "overridden": false
    },
    "@bitwarden/storage-core": {
      "version": "0.0.1",
      "resolved": "file:../../libs/storage-core",
      "overridden": false
    },
    "@bitwarden/storage-test-utils": {
      "version": "0.0.1",
      "resolved": "file:../../libs/storage-test-utils",
      "overridden": false
    },
    "@bitwarden/storybook": {
      "version": "0.0.1",
      "resolved": "file:../../libs/storybook",
      "overridden": false
    },
    "@bitwarden/subscription": {
      "version": "0.0.1",
      "resolved": "file:../../libs/subscription",
      "overridden": false
    },
    "@bitwarden/ui-common": {
      "version": "0.0.0",
      "resolved": "file:../../libs/ui/common",
      "overridden": false
    },
    "@bitwarden/unlock": {
      "version": "0.0.1",
      "resolved": "file:../../libs/unlock",
      "overridden": false
    },
    "@bitwarden/user-core": {
      "version": "0.0.0",
      "resolved": "file:../../libs/user-core",
      "overridden": false
    },
    "@bitwarden/user-crypto-management": {
      "version": "0.0.1",
      "resolved": "file:../../libs/user-crypto-management",
      "overridden": false
    },
    "@bitwarden/vault-export-core": {
      "version": "0.0.0",
      "resolved": "file:../../libs/tools/export-vault-core",
      "overridden": false
    },
    "@bitwarden/vault-export-ui": {
      "version": "0.0.0",
      "resolved": "file:../../libs/tools/export-vault-ui",
      "overridden": false
    },
    "@bitwarden/vault": {
      "version": "0.0.0",
      "resolved": "file:../../libs/vault",
      "overridden": false
    },
    "@bitwarden/web-vault": {
      "version": "2026.8.1",
      "resolved": "file:../../apps/web",
      "overridden": false
    },
    "@bufbuild/protobuf": {
      "version": "2.13.0",
      "resolved": "https://registry.npmjs.org/@bufbuild/protobuf/-/protobuf-2.13.0.tgz",
      "overridden": false
    },
    "@compodoc/compodoc": {
      "version": "1.2.1",
      "resolved": "https://registry.npmjs.org/@compodoc/compodoc/-/compodoc-1.2.1.tgz",
      "overridden": false
    },
    "@electron/fuses": {
      "version": "2.1.1",
      "resolved": "https://registry.npmjs.org/@electron/fuses/-/fuses-2.1.1.tgz",
      "overridden": false
    },
    "@electron/notarize": {
      "version": "3.1.1",
      "resolved": "https://registry.npmjs.org/@electron/notarize/-/notarize-3.1.1.tgz",
      "overridden": false
    },
    "@electron/rebuild": {
      "version": "4.0.4",
      "resolved": "https://registry.npmjs.org/@electron/rebuild/-/rebuild-4.0.4.tgz",
      "overridden": false
    },
    "@emotion/css": {
      "version": "11.13.5",
      "resolved": "https://registry.npmjs.org/@emotion/css/-/css-11.13.5.tgz",
      "overridden": false
    },
    "@eslint/compat": {
      "version": "2.0.5",
      "resolved": "https://registry.npmjs.org/@eslint/compat/-/compat-2.0.5.tgz",
      "overridden": false
    },
    "@koa/multer": {
      "version": "4.0.0",
      "resolved": "https://registry.npmjs.org/@koa/multer/-/multer-4.0.0.tgz",
      "overridden": false
    },
    "@koa/router": {
      "version": "15.7.0",
      "resolved": "https://registry.npmjs.org/@koa/router/-/router-15.7.0.tgz",
      "overridden": false
    },
    "@lit-labs/signals": {
      "version": "0.3.0",
      "resolved": "https://registry.npmjs.org/@lit-labs/signals/-/signals-0.3.0.tgz",
      "overridden": false
    },
    "@microsoft/signalr-protocol-msgpack": {
      "version": "10.0.0",
      "resolved": "https://registry.npmjs.org/@microsoft/signalr-protocol-msgpack/-/signalr-protocol-msgpack-10.0.0.tgz",
      "overridden": false
    },
    "@microsoft/signalr": {
      "version": "10.0.0",
      "resolved": "https://registry.npmjs.org/@microsoft/signalr/-/signalr-10.0.0.tgz",
      "overridden": false
    },
    "@ng-select/ng-select": {
      "version": "21.8.2",
      "resolved": "https://registry.npmjs.org/@ng-select/ng-select/-/ng-select-21.8.2.tgz",
      "overridden": false
    },
    "@ngtools/webpack": {
      "version": "21.2.9",
      "resolved": "https://registry.npmjs.org/@ngtools/webpack/-/webpack-21.2.9.tgz",
      "overridden": false
    },
    "@nx/devkit": {
      "version": "22.6.5",
      "resolved": "https://registry.npmjs.org/@nx/devkit/-/devkit-22.6.5.tgz",
      "overridden": false
    },
    "@nx/eslint": {
      "version": "22.6.5",
      "resolved": "https://registry.npmjs.org/@nx/eslint/-/eslint-22.6.5.tgz",
      "overridden": false
    },
    "@nx/jest": {
      "version": "22.6.5",
      "resolved": "https://registry.npmjs.org/@nx/jest/-/jest-22.6.5.tgz",
      "overridden": false
    },
    "@nx/js": {
      "version": "22.6.5",
      "resolved": "https://registry.npmjs.org/@nx/js/-/js-22.6.5.tgz",
      "overridden": false
    },
    "@nx/webpack": {
      "version": "22.6.5",
      "resolved": "https://registry.npmjs.org/@nx/webpack/-/webpack-22.6.5.tgz",
      "overridden": false
    },
    "@storybook/addon-a11y": {
      "version": "10.3.6",
      "resolved": "https://registry.npmjs.org/@storybook/addon-a11y/-/addon-a11y-10.3.6.tgz",
      "overridden": false,
      "invalid": "\"10.6.0-beta.0\" from the root project",
      "problems": [
        "invalid: @storybook/addon-a11y@10.3.6 /tmp/qa-10.6/bitwarden/node_modules/@storybook/addon-a11y"
      ]
    },
    "@storybook/addon-designs": {
      "version": "11.1.3",
      "resolved": "https://registry.npmjs.org/@storybook/addon-designs/-/addon-designs-11.1.3.tgz",
      "overridden": false,
      "invalid": "\"11.0.0-next.0\" from the root project",
      "problems": [
        "invalid: @storybook/addon-designs@11.1.3 /tmp/qa-10.6/bitwarden/node_modules/@storybook/addon-designs"
      ]
    },
    "@storybook/addon-docs": {
      "version": "10.3.6",
      "resolved": "https://registry.npmjs.org/@storybook/addon-docs/-/addon-docs-10.3.6.tgz",
      "overridden": false,
      "invalid": "\"10.6.0-beta.0\" from the root project",
      "problems": [
        "invalid: @storybook/addon-docs@10.3.6 /tmp/qa-10.6/bitwarden/node_modules/@storybook/addon-docs"
      ]
    },
    "@storybook/addon-links": {
      "version": "10.3.6",
      "resolved": "https://registry.npmjs.org/@storybook/addon-links/-/addon-links-10.3.6.tgz",
      "overridden": false,
      "invalid": "\"10.6.0-beta.0\" from the root project",
      "problems": [
        "invalid: @storybook/addon-links@10.3.6 /tmp/qa-10.6/bitwarden/node_modules/@storybook/addon-links"
      ]
    },
    "@storybook/addon-themes": {
      "version": "10.3.6",
      "resolved": "https://registry.npmjs.org/@storybook/addon-themes/-/addon-themes-10.3.6.tgz",
      "overridden": false,
      "invalid": "\"10.6.0-beta.0\" from the root project",
      "problems": [
        "invalid: @storybook/addon-themes@10.3.6 /tmp/qa-10.6/bitwarden/node_modules/@storybook/addon-themes"
      ]
    },
    "@storybook/angular": {
      "version": "10.3.6",
      "resolved": "https://registry.npmjs.org/@storybook/angular/-/angular-10.3.6.tgz",
      "overridden": false,
      "invalid": "\"10.6.0-beta.0\" from the root project",
      "problems": [
        "invalid: @storybook/angular@10.3.6 /tmp/qa-10.6/bitwarden/node_modules/@storybook/angular"
      ]
    },
    "@storybook/test-runner": {
      "version": "0.24.4",
      "resolved": "https://registry.npmjs.org/@storybook/test-runner/-/test-runner-0.24.4.tgz",
      "overridden": false,
      "invalid": "\"0.24.5-next.0\" from the root project",
      "problems": [
        "invalid: @storybook/test-runner@0.24.4 /tmp/qa-10.6/bitwarden/node_modules/@storybook/test-runner"
      ]
    },
    "@storybook/web-components-vite": {
      "version": "10.3.6",
      "resolved": "https://registry.npmjs.org/@storybook/web-components-vite/-/web-components-vite-10.3.6.tgz",
      "overridden": false,
      "invalid": "\"10.6.0-beta.0\" from the root project",
      "problems": [
        "invalid: @storybook/web-components-vite@10.3.6 /tmp/qa-10.6/bitwarden/node_modules/@storybook/web-components-vite"
      ]
    },
    "@tailwindcss/container-queries": {
      "version": "0.1.1",
      "resolved": "https://registry.npmjs.org/@tailwindcss/container-queries/-/container-queries-0.1.1.tgz",
      "overridden": false
    },
    "@types/chrome": {
      "version": "0.1.28",
      "resolved": "https://registry.npmjs.org/@types/chrome/-/chrome-0.1.28.tgz",
      "overridden": false
    },
    "@types/firefox-webext-browser": {
      "version": "143.0.0",
      "resolved": "https://registry.npmjs.org/@types/firefox-webext-browser/-/firefox-webext-browser-143.0.0.tgz",
      "overridden": false
    },
    "@types/inquirer": {
      "version": "8.2.10",
      "resolved": "https://registry.npmjs.org/@types/inquirer/-/inquirer-8.2.10.tgz",
      "overridden": false
    },
    "@types/jest": {
      "version": "30.0.0",
      "resolved": "https://registry.npmjs.org/@types/jest/-/jest-30.0.0.tgz",
      "overridden": false
    },
    "@types/jsdom": {
      "version": "28.0.1",
      "resolved": "https://registry.npmjs.org/@types/jsdom/-/jsdom-28.0.1.tgz",
      "overridden": false
    },
    "@types/koa__multer": {
      "version": "2.0.7",
      "resolved": "https://registry.npmjs.org/@types/koa__multer/-/koa__multer-2.0.7.tgz",
      "overridden": false
    },
    "@types/koa-bodyparser": {
      "version": "4.3.7",
      "resolved": "https://registry.npmjs.org/@types/koa-bodyparser/-/koa-bodyparser-4.3.7.tgz",
      "overridden": false
    },
    "@types/koa-json": {
      "version": "2.0.24",
      "resolved": "https://registry.npmjs.org/@types/koa-json/-/koa-json-2.0.24.tgz",
      "overridden": false
    },
    "@types/koa": {
      "version": "3.0.1",
      "resolved": "https://registry.npmjs.org/@types/koa/-/koa-3.0.1.tgz",
      "overridden": false
    },
    "@types/lowdb": {
      "version": "1.0.15",
      "resolved": "https://registry.npmjs.org/@types/lowdb/-/lowdb-1.0.15.tgz",
      "overridden": false
    },
    "@types/lunr": {
      "version": "2.3.7",
      "resolved": "https://registry.npmjs.org/@types/lunr/-/lunr-2.3.7.tgz",
      "overridden": false
    },
    "@types/node-fetch": {
      "version": "2.6.13",
      "resolved": "https://registry.npmjs.org/@types/node-fetch/-/node-fetch-2.6.13.tgz",
      "overridden": false
    },
    "@types/node-forge": {
      "version": "1.3.14",
      "resolved": "https://registry.npmjs.org/@types/node-forge/-/node-forge-1.3.14.tgz",
      "overridden": false
    },
    "@types/node": {
      "version": "22.20.1",
      "resolved": "https://registry.npmjs.org/@types/node/-/node-22.20.1.tgz",
      "overridden": false
    },
    "@types/papaparse": {
      "version": "5.5.2",
      "resolved": "https://registry.npmjs.org/@types/papaparse/-/papaparse-5.5.2.tgz",
      "overridden": false
    },
    "@types/proper-lockfile": {
      "version": "4.1.4",
      "resolved": "https://registry.npmjs.org/@types/proper-lockfile/-/proper-lockfile-4.1.4.tgz",
      "overridden": false
    },
    "@types/retry": {
      "version": "0.12.5",
      "resolved": "https://registry.npmjs.org/@types/retry/-/retry-0.12.5.tgz",
      "overridden": false
    },
    "@types/zxcvbn": {
      "version": "4.4.5",
      "resolved": "https://registry.npmjs.org/@types/zxcvbn/-/zxcvbn-4.4.5.tgz",
      "overridden": false
    },
    "@typescript-eslint/rule-tester": {
      "version": "8.59.1",
      "resolved": "https://registry.npmjs.org/@typescript-eslint/rule-tester/-/rule-tester-8.59.1.tgz",
      "overridden": false
    },
    "@typescript-eslint/utils": {
      "version": "8.59.1",
      "resolved": "https://registry.npmjs.org/@typescript-eslint/utils/-/utils-8.59.1.tgz",
      "overridden": false
    },
    "@webcomponents/custom-elements": {
      "version": "1.6.0",
      "resolved": "https://registry.npmjs.org/@webcomponents/custom-elements/-/custom-elements-1.6.0.tgz",
      "overridden": false
    },
    "@yao-pkg/pkg": {
      "version": "6.5.1",
      "resolved": "https://registry.npmjs.org/@yao-pkg/pkg/-/pkg-6.5.1.tgz",
      "overridden": false
    },
    "angular-eslint": {
      "version": "20.7.0",
      "resolved": "https://registry.npmjs.org/angular-eslint/-/angular-eslint-20.7.0.tgz",
      "overridden": false
    },
    "autoprefixer": {
      "version": "10.4.22",
      "resolved": "https://registry.npmjs.org/autoprefixer/-/autoprefixer-10.4.22.tgz",
      "overridden": false
    },
    "axe-playwright": {
      "version": "2.2.2",
      "resolved": "https://registry.npmjs.org/axe-playwright/-/axe-playwright-2.2.2.tgz",
      "overridden": false
    },
    "babel-loader": {
      "version": "10.1.1",
      "resolved": "https://registry.npmjs.org/babel-loader/-/babel-loader-10.1.1.tgz",
      "overridden": false
    },
    "base64-loader": {
      "version": "1.0.0",
      "resolved": "https://registry.npmjs.org/base64-loader/-/base64-loader-1.0.0.tgz",
      "overridden": false
    },
    "big-integer": {
      "version": "1.6.52",
      "resolved": "https://registry.npmjs.org/big-integer/-/big-integer-1.6.52.tgz",
      "overridden": false
    },
    "braintree-web-drop-in": {
      "version": "1.46.0",
      "resolved": "https://registry.npmjs.org/braintree-web-drop-in/-/braintree-web-drop-in-1.46.0.tgz",
      "overridden": false
    },
    "browserslist": {
      "version": "4.28.2",
      "resolved": "https://registry.npmjs.org/browserslist/-/browserslist-4.28.2.tgz",
      "overridden": false
    },
    "buffer": {
      "version": "6.0.3",
      "resolved": "https://registry.npmjs.org/buffer/-/buffer-6.0.3.tgz",
      "overridden": false
    },
    "bufferutil": {
      "version": "4.1.0",
      "resolved": "https://registry.npmjs.org/bufferutil/-/bufferutil-4.1.0.tgz",
      "overridden": false
    },
    "chalk": {
      "version": "4.1.2",
      "resolved": "https://registry.npmjs.org/chalk/-/chalk-4.1.2.tgz",
      "overridden": false
    },
    "chart.js": {
      "version": "4.5.1",
      "resolved": "https://registry.npmjs.org/chart.js/-/chart.js-4.5.1.tgz",
      "overridden": false
    },
    "chartjs-adapter-date-fns": {
      "version": "3.0.0",
      "resolved": "https://registry.npmjs.org/chartjs-adapter-date-fns/-/chartjs-adapter-date-fns-3.0.0.tgz",
      "overridden": false
    },
    "chromatic": {
      "version": "18.0.1",
      "resolved": "https://registry.npmjs.org/chromatic/-/chromatic-18.0.1.tgz",
      "overridden": false
    },
    "commander": {
      "version": "14.0.0",
      "resolved": "https://registry.npmjs.org/commander/-/commander-14.0.0.tgz",
      "overridden": false
    },
    "concurrently": {
      "version": "9.2.1",
      "resolved": "https://registry.npmjs.org/concurrently/-/concurrently-9.2.1.tgz",
      "overridden": false
    },
    "copy-webpack-plugin": {
      "version": "14.0.0",
      "resolved": "https://registry.npmjs.org/copy-webpack-plugin/-/copy-webpack-plugin-14.0.0.tgz",
      "overridden": false
    },
    "core-js": {
      "version": "3.50.0",
      "resolved": "https://registry.npmjs.org/core-js/-/core-js-3.50.0.tgz",
      "overridden": false
    },
    "cross-env": {
      "version": "10.1.0",
      "resolved": "https://registry.npmjs.org/cross-env/-/cross-env-10.1.0.tgz",
      "overridden": false
    },
    "css-loader": {
      "version": "7.1.4",
      "resolved": "https://registry.npmjs.org/css-loader/-/css-loader-7.1.4.tgz",
      "overridden": false
    },
    "electron-builder": {
      "version": "26.9.0",
      "resolved": "https://registry.npmjs.org/electron-builder/-/electron-builder-26.9.0.tgz",
      "overridden": false
    },
    "electron-log": {
      "version": "5.4.3",
      "resolved": "https://registry.npmjs.org/electron-log/-/electron-log-5.4.3.tgz",
      "overridden": false
    },
    "electron-reload": {
      "version": "2.0.0-alpha.1",
      "resolved": "https://registry.npmjs.org/electron-reload/-/electron-reload-2.0.0-alpha.1.tgz",
      "overridden": false
    },
    "electron-store": {
      "version": "11.0.2",
      "resolved": "https://registry.npmjs.org/electron-store/-/electron-store-11.0.2.tgz",
      "overridden": false
    },
    "electron-updater": {
      "version": "6.8.3",
      "resolved": "https://registry.npmjs.org/electron-updater/-/electron-updater-6.8.3.tgz",
      "overridden": false
    },
    "electron": {
      "version": "43.2.0",
      "resolved": "https://registry.npmjs.org/electron/-/electron-43.2.0.tgz",
      "overridden": false
    },
    "eslint-config-prettier": {
      "version": "10.1.8",
      "resolved": "https://registry.npmjs.org/eslint-config-prettier/-/eslint-config-prettier-10.1.8.tgz",
      "overridden": false
    },
    "eslint-import-resolver-typescript": {
      "version": "4.4.4",
      "resolved": "https://registry.npmjs.org/eslint-import-resolver-typescript/-/eslint-import-resolver-typescript-4.4.4.tgz",
      "overridden": false
    },
    "eslint-plugin-import": {
      "version": "2.32.0",
      "resolved": "https://registry.npmjs.org/eslint-plugin-import/-/eslint-plugin-import-2.32.0.tgz",
      "overridden": false
    },
    "eslint-plugin-jest": {
      "version": "29.15.2",
      "resolved": "https://registry.npmjs.org/eslint-plugin-jest/-/eslint-plugin-jest-29.15.2.tgz",
      "overridden": false
    },
    "eslint-plugin-rxjs-angular": {
      "version": "2.0.1",
      "resolved": "https://registry.npmjs.org/eslint-plugin-rxjs-angular/-/eslint-plugin-rxjs-angular-2.0.1.tgz",
      "overridden": false
    },
    "eslint-plugin-rxjs": {
      "version": "5.0.3",
      "resolved": "https://registry.npmjs.org/eslint-plugin-rxjs/-/eslint-plugin-rxjs-5.0.3.tgz",
      "overridden": false
    },
    "eslint-plugin-storybook": {
      "version": "10.3.6",
      "resolved": "https://registry.npmjs.org/eslint-plugin-storybook/-/eslint-plugin-storybook-10.3.6.tgz",
      "overridden": false,
      "invalid": "\"10.6.0-beta.0\" from the root project",
      "problems": [
        "invalid: eslint-plugin-storybook@10.3.6 /tmp/qa-10.6/bitwarden/node_modules/eslint-plugin-storybook"
      ]
    },
    "eslint-plugin-tailwindcss": {
      "version": "3.18.3",
      "resolved": "https://registry.npmjs.org/eslint-plugin-tailwindcss/-/eslint-plugin-tailwindcss-3.18.3.tgz",
      "overridden": false
    },
    "eslint": {
      "version": "9.39.4",
      "resolved": "https://registry.npmjs.org/eslint/-/eslint-9.39.4.tgz",
      "overridden": false
    },
    "fantasticon": {
      "version": "4.1.0",
      "resolved": "https://registry.npmjs.org/fantasticon/-/fantasticon-4.1.0.tgz",
      "overridden": false
    },
    "form-data": {
      "version": "4.0.6",
      "resolved": "https://registry.npmjs.org/form-data/-/form-data-4.0.6.tgz",
      "overridden": false
    },
    "html-loader": {
      "version": "5.1.0",
      "resolved": "https://registry.npmjs.org/html-loader/-/html-loader-5.1.0.tgz",
      "overridden": false
    },
    "html-webpack-injector": {
      "version": "1.1.4",
      "resolved": "https://registry.npmjs.org/html-webpack-injector/-/html-webpack-injector-1.1.4.tgz",
      "overridden": false
    },
    "html-webpack-plugin": {
      "version": "5.6.6",
      "resolved": "https://registry.npmjs.org/html-webpack-plugin/-/html-webpack-plugin-5.6.6.tgz",
      "overridden": false
    },
    "https-proxy-agent": {
      "version": "9.1.0",
      "resolved": "https://registry.npmjs.org/https-proxy-agent/-/https-proxy-agent-9.1.0.tgz",
      "overridden": false
    },
    "husky": {
      "version": "9.1.7",
      "resolved": "https://registry.npmjs.org/husky/-/husky-9.1.7.tgz",
      "overridden": false
    },
    "inquirer": {
      "version": "8.2.6",
      "resolved": "https://registry.npmjs.org/inquirer/-/inquirer-8.2.6.tgz",
      "overridden": false
    },
    "jest-diff": {
      "version": "30.3.0",
      "resolved": "https://registry.npmjs.org/jest-diff/-/jest-diff-30.3.0.tgz",
      "overridden": false
    },
    "jest-environment-jsdom": {
      "version": "29.7.0",
      "resolved": "https://registry.npmjs.org/jest-environment-jsdom/-/jest-environment-jsdom-29.7.0.tgz",
      "overridden": true
    },
    "jest-junit": {
      "version": "17.0.0",
      "resolved": "https://registry.npmjs.org/jest-junit/-/jest-junit-17.0.0.tgz",
      "overridden": false
    },
    "jest-mock-extended": {
      "version": "4.0.1",
      "resolved": "https://registry.npmjs.org/jest-mock-extended/-/jest-mock-extended-4.0.1.tgz",
      "overridden": false
    },
    "jest-preset-angular": {
      "version": "17.0.0",
      "resolved": "https://registry.npmjs.org/jest-preset-angular/-/jest-preset-angular-17.0.0.tgz",
      "overridden": false
    },
    "jest": {
      "version": "30.3.0",
      "resolved": "https://registry.npmjs.org/jest/-/jest-30.3.0.tgz",
      "overridden": false
    },
    "jsdom": {
      "version": "26.1.0",
      "resolved": "https://registry.npmjs.org/jsdom/-/jsdom-26.1.0.tgz",
      "overridden": false
    },
    "json5": {
      "version": "2.2.3",
      "resolved": "https://registry.npmjs.org/json5/-/json5-2.2.3.tgz",
      "overridden": false
    },
    "jszip": {
      "version": "3.10.1",
      "resolved": "https://registry.npmjs.org/jszip/-/jszip-3.10.1.tgz",
      "overridden": false
    },
    "koa-bodyparser": {
      "version": "4.4.1",
      "resolved": "https://registry.npmjs.org/koa-bodyparser/-/koa-bodyparser-4.4.1.tgz",
      "overridden": false
    },
    "koa-json": {
      "version": "2.0.2",
      "resolved": "https://registry.npmjs.org/koa-json/-/koa-json-2.0.2.tgz",
      "overridden": false
    },
    "koa": {
      "version": "3.1.2",
      "resolved": "https://registry.npmjs.org/koa/-/koa-3.1.2.tgz",
      "overridden": false
    },
    "lint-staged": {
      "version": "17.0.5",
      "resolved": "https://registry.npmjs.org/lint-staged/-/lint-staged-17.0.5.tgz",
      "overridden": false
    },
    "lit": {
      "version": "3.3.1",
      "resolved": "https://registry.npmjs.org/lit/-/lit-3.3.1.tgz",
      "overridden": false
    },
    "lowdb": {
      "version": "1.0.0",
      "resolved": "https://registry.npmjs.org/lowdb/-/lowdb-1.0.0.tgz",
      "overridden": false
    },
    "lunr": {
      "version": "2.3.9",
      "resolved": "https://registry.npmjs.org/lunr/-/lunr-2.3.9.tgz",
      "overridden": false
    },
    "mini-css-extract-plugin": {
      "version": "2.10.2",
      "resolved": "https://registry.npmjs.org/mini-css-extract-plugin/-/mini-css-extract-plugin-2.10.2.tgz",
      "overridden": false
    },
    "multer": {
      "version": "2.2.0",
      "resolved": "https://registry.npmjs.org/multer/-/multer-2.2.0.tgz",
      "overridden": false
    },
    "ngx-toastr": {
      "version": "19.1.0",
      "resolved": "https://registry.npmjs.org/ngx-toastr/-/ngx-toastr-19.1.0.tgz",
      "overridden": false
    },
    "node-fetch": {
      "version": "2.7.0",
      "resolved": "https://registry.npmjs.org/node-fetch/-/node-fetch-2.7.0.tgz",
      "overridden": false
    },
    "node-forge": {
      "version": "1.4.0",
      "resolved": "https://registry.npmjs.org/node-forge/-/node-forge-1.4.0.tgz",
      "overridden": false
    },
    "nx": {
      "version": "22.7.7",
      "resolved": "https://registry.npmjs.org/nx/-/nx-22.7.7.tgz",
      "overridden": false
    },
    "oauth4webapi": {
      "version": "3.8.6",
      "resolved": "https://registry.npmjs.org/oauth4webapi/-/oauth4webapi-3.8.6.tgz",
      "overridden": false
    },
    "open": {
      "version": "8.4.2",
      "resolved": "https://registry.npmjs.org/open/-/open-8.4.2.tgz",
      "overridden": false
    },
    "papaparse": {
      "version": "5.5.3",
      "resolved": "https://registry.npmjs.org/papaparse/-/papaparse-5.5.3.tgz",
      "overridden": false
    },
    "path-browserify": {
      "version": "1.0.1",
      "resolved": "https://registry.npmjs.org/path-browserify/-/path-browserify-1.0.1.tgz",
      "overridden": false
    },
    "postcss-loader": {
      "version": "8.2.1",
      "resolved": "https://registry.npmjs.org/postcss-loader/-/postcss-loader-8.2.1.tgz",
      "overridden": false
    },
    "postcss": {
      "version": "8.5.23",
      "resolved": "https://registry.npmjs.org/postcss/-/postcss-8.5.23.tgz",
      "overridden": false
    },
    "prettier-plugin-tailwindcss": {
      "version": "0.8.0",
      "resolved": "https://registry.npmjs.org/prettier-plugin-tailwindcss/-/prettier-plugin-tailwindcss-0.8.0.tgz",
      "overridden": false
    },
    "prettier": {
      "version": "3.9.5",
      "resolved": "https://registry.npmjs.org/prettier/-/prettier-3.9.5.tgz",
      "overridden": false
    },
    "process": {
      "version": "0.11.10",
      "resolved": "https://registry.npmjs.org/process/-/process-0.11.10.tgz",
      "overridden": false
    },
    "proper-lockfile": {
      "version": "4.1.2",
      "resolved": "https://registry.npmjs.org/proper-lockfile/-/proper-lockfile-4.1.2.tgz",
      "overridden": false
    },
    "qrcode-parser": {
      "version": "2.1.3",
      "resolved": "https://registry.npmjs.org/qrcode-parser/-/qrcode-parser-2.1.3.tgz",
      "overridden": false
    },
    "qrious": {
      "version": "4.0.2",
      "resolved": "https://registry.npmjs.org/qrious/-/qrious-4.0.2.tgz",
      "overridden": false
    },
    "remark-gfm": {
      "version": "4.0.1",
      "resolved": "https://registry.npmjs.org/remark-gfm/-/remark-gfm-4.0.1.tgz",
      "overridden": false
    },
    "rimraf": {
      "version": "6.1.2",
      "resolved": "https://registry.npmjs.org/rimraf/-/rimraf-6.1.2.tgz",
      "overridden": false
    },
    "rxjs": {
      "version": "7.8.1",
      "resolved": "https://registry.npmjs.org/rxjs/-/rxjs-7.8.1.tgz",
      "overridden": false
    },
    "sass-loader": {
      "version": "16.0.7",
      "resolved": "https://registry.npmjs.org/sass-loader/-/sass-loader-16.0.7.tgz",
      "overridden": false
    },
    "sass": {
      "version": "1.99.0",
      "resolved": "https://registry.npmjs.org/sass/-/sass-1.99.0.tgz",
      "overridden": false
    },
    "semver": {
      "version": "7.7.3",
      "resolved": "https://registry.npmjs.org/semver/-/semver-7.7.3.tgz",
      "overridden": false
    },
    "storybook": {
      "version": "10.3.6",
      "resolved": "https://registry.npmjs.org/storybook/-/storybook-10.3.6.tgz",
      "overridden": false,
      "invalid": "\"10.6.0-beta.0\" from the root project",
      "problems": [
        "invalid: storybook@10.3.6 /tmp/qa-10.6/bitwarden/node_modules/storybook"
      ]
    },
    "style-loader": {
      "version": "4.0.0",
      "resolved": "https://registry.npmjs.org/style-loader/-/style-loader-4.0.0.tgz",
      "overridden": false
    },
    "svgo": {
      "version": "4.0.1",
      "resolved": "https://registry.npmjs.org/svgo/-/svgo-4.0.1.tgz",
      "overridden": false
    },
    "tabbable": {
      "version": "6.4.0",
      "resolved": "https://registry.npmjs.org/tabbable/-/tabbable-6.4.0.tgz",
      "overridden": false
    },
    "tailwindcss": {
      "version": "3.4.18",
      "resolved": "https://registry.npmjs.org/tailwindcss/-/tailwindcss-3.4.18.tgz",
      "overridden": false
    },
    "tldts": {
      "version": "7.4.2",
      "resolved": "https://registry.npmjs.org/tldts/-/tldts-7.4.2.tgz",
      "overridden": false
    },
    "ts-jest": {
      "version": "29.4.9",
      "resolved": "https://registry.npmjs.org/ts-jest/-/ts-jest-29.4.9.tgz",
      "overridden": false
    },
    "ts-loader": {
      "version": "9.5.7",
      "resolved": "https://registry.npmjs.org/ts-loader/-/ts-loader-9.5.7.tgz",
      "overridden": false
    },
    "ts-node": {
      "version": "10.9.2",
      "resolved": "https://registry.npmjs.org/ts-node/-/ts-node-10.9.2.tgz",
      "overridden": false
    },
    "tsconfig-paths-webpack-plugin": {
      "version": "4.2.0",
      "resolved": "https://registry.npmjs.org/tsconfig-paths-webpack-plugin/-/tsconfig-paths-webpack-plugin-4.2.0.tgz",
      "overridden": false
    },
    "type-fest": {
      "version": "2.19.0",
      "resolved": "https://registry.npmjs.org/type-fest/-/type-fest-2.19.0.tgz",
      "overridden": false
    },
    "typescript-eslint": {
      "version": "8.59.1",
      "resolved": "https://registry.npmjs.org/typescript-eslint/-/typescript-eslint-8.59.1.tgz",
      "overridden": false
    },
    "typescript-strict-plugin": {
      "version": "2.4.4",
      "resolved": "https://registry.npmjs.org/typescript-strict-plugin/-/typescript-strict-plugin-2.4.4.tgz",
      "overridden": false
    },
    "typescript": {
      "version": "5.9.3",
      "resolved": "https://registry.npmjs.org/typescript/-/typescript-5.9.3.tgz",
      "overridden": false
    },
    "url": {
      "version": "0.11.4",
      "resolved": "https://registry.npmjs.org/url/-/url-0.11.4.tgz",
      "overridden": false
    },
    "utf-8-validate": {
      "version": "6.0.5",
      "resolved": "https://registry.npmjs.org/utf-8-validate/-/utf-8-validate-6.0.5.tgz",
      "overridden": false
    },
    "util": {
      "version": "0.12.5",
      "resolved": "https://registry.npmjs.org/util/-/util-0.12.5.tgz",
      "overridden": false
    },
    "vite-tsconfig-paths": {
      "version": "6.1.1",
      "resolved": "https://registry.npmjs.org/vite-tsconfig-paths/-/vite-tsconfig-paths-6.1.1.tgz",
      "overridden": false
    },
    "wait-on": {
      "version": "9.1.0",
      "resolved": "https://registry.npmjs.org/wait-on/-/wait-on-9.1.0.tgz",
      "overridden": false
    },
    "webpack-cli": {
      "version": "7.0.2",
      "resolved": "https://registry.npmjs.org/webpack-cli/-/webpack-cli-7.0.2.tgz",
      "overridden": false
    },
    "webpack-dev-server": {
      "version": "5.2.6",
      "resolved": "https://registry.npmjs.org/webpack-dev-server/-/webpack-dev-server-5.2.6.tgz",
      "overridden": false
    },
    "webpack-node-externals": {
      "version": "3.0.0",
      "resolved": "https://registry.npmjs.org/webpack-node-externals/-/webpack-node-externals-3.0.0.tgz",
      "overridden": false
    },
    "webpack": {
      "version": "5.106.2",
      "resolved": "https://registry.npmjs.org/webpack/-/webpack-5.106.2.tgz",
      "overridden": false
    },
    "zone.js": {
      "version": "0.15.1",
      "resolved": "https://registry.npmjs.org/zone.js/-/zone.js-0.15.1.tgz",
      "overridden": false
    },
    "zxcvbn": {
      "version": "4.4.2",
      "resolved": "https://registry.npmjs.org/zxcvbn/-/zxcvbn-4.4.2.tgz",
      "overridden": false
    }
  },
  "error": {
    "code": "ELSPROBLEMS",
    "summary": "invalid: @storybook/addon-a11y@10.3.6 /tmp/qa-10.6/bitwarden/node_modules/@storybook/addon-a11y\ninvalid: @storybook/addon-designs@11.1.3 /tmp/qa-10.6/bitwarden/node_modules/@storybook/addon-designs\ninvalid: @storybook/addon-docs@10.3.6 /tmp/qa-10.6/bitwarden/node_modules/@storybook/addon-docs\ninvalid: @storybook/addon-links@10.3.6 /tmp/qa-10.6/bitwarden/node_modules/@storybook/addon-links\ninvalid: @storybook/addon-themes@10.3.6 /tmp/qa-10.6/bitwarden/node_modules/@storybook/addon-themes\ninvalid: @storybook/angular@10.3.6 /tmp/qa-10.6/bitwarden/node_modules/@storybook/angular\ninvalid: @storybook/test-runner@0.24.4 /tmp/qa-10.6/bitwarden/node_modules/@storybook/test-runner\ninvalid: @storybook/web-components-vite@10.3.6 /tmp/qa-10.6/bitwarden/node_modules/@storybook/web-components-vite\ninvalid: eslint-plugin-storybook@10.3.6 /tmp/qa-10.6/bitwarden/node_modules/eslint-plugin-storybook\ninvalid: storybook@10.3.6 /tmp/qa-10.6/bitwarden/node_modules/storybook",
    "detail": ""
  }
}
Command failed with exit code 1: npm ls --json '--depth=0'

{
  "version": "0.0.0",
  "name": "@bitwarden/clients",
  "problems": [
    "invalid: @storybook/addon-a11y@10.3.6 /tmp/qa-10.6/bitwarden/node_modules/@storybook/addon-a11y",
    "invalid: @storybook/addon-designs@11.1.3 /tmp/qa-10.6/bitwarden/node_modules/@storybook/addon-designs",
    "invalid: @storybook/addon-docs@10.3.6 /tmp/qa-10.6/bitwarden/node_modules/@storybook/addon-docs",
    "invalid: @storybook/addon-links@10.3.6 /tmp/qa-10.6/bitwarden/node_modules/@storybook/addon-links",
    "invalid: @storybook/addon-themes@10.3.6 /tmp/qa-10.6/bitwarden/node_modules/@storybook/addon-themes",
    "invalid: @storybook/angular@10.3.6 /tmp/qa-10.6/bitwarden/node_modules/@storybook/angular",
    "invalid: @storybook/test-runner@0.24.4 /tmp/qa-10.6/bitwarden/node_modules/@storybook/test-runner",
    "invalid: @storybook/web-components-vite@10.3.6 /tmp/qa-10.6/bitwarden/node_modules/@storybook/web-components-vite",
    "invalid: eslint-plugin-storybook@10.3.6 /tmp/qa-10.6/bitwarden/node_modules/eslint-plugin-storybook",
    "invalid: storybook@10.3.6 /tmp/qa-10.6/bitwarden/node_modules/storybook"
  ],
  "dependencies": {
    "@angular-devkit/build-angular": {
      "version": "21.2.9",
      "resolved": "https://registry.npmjs.org/@angular-devkit/build-angular/-/build-angular-21.2.9.tgz",
      "overridden": false
    },
    "@angular-eslint/schematics": {
      "version": "21.3.1",
      "resolved": "https://registry.npmjs.org/@angular-eslint/schematics/-/schematics-21.3.1.tgz",
      "overridden": false
    },
    "@angular/animations": {
      "version": "21.2.17",
      "resolved": "https://registry.npmjs.org/@angular/animations/-/animations-21.2.17.tgz",
      "overridden": false
    },
    "@angular/cdk": {
      "version": "21.2.9",
      "resolved": "https://registry.npmjs.org/@angular/cdk/-/cdk-21.2.9.tgz",
      "overridden": false
    },
    "@angular/cli": {
      "version": "21.2.9",
      "resolved": "https://registry.npmjs.org/@angular/cli/-/cli-21.2.9.tgz",
      "overridden": false
    },
    "@angular/common": {
      "version": "21.2.17",
      "resolved": "https://registry.npmjs.org/@angular/common/-/common-21.2.17.tgz",
      "overridden": false
    },
    "@angular/compiler-cli": {
      "version": "21.2.17",
      "resolved": "https://registry.npmjs.org/@angular/compiler-cli/-/compiler-cli-21.2.17.tgz",
      "overridden": false
    },
    "@angular/compiler": {
      "version": "21.2.17",
      "resolved": "https://registry.npmjs.org/@angular/compiler/-/compiler-21.2.17.tgz",
      "overridden": false
    },
    "@angular/core": {
      "version": "21.2.17",
      "resolved": "https://registry.npmjs.org/@angular/core/-/core-21.2.17.tgz",
      "overridden": false
    },
    "@angular/forms": {
      "version": "21.2.17",
      "resolved": "https://registry.npmjs.org/@angular/forms/-/forms-21.2.17.tgz",
      "overridden": false
    },
    "@angular/platform-browser": {
      "version": "21.2.17",
      "resolved": "https://registry.npmjs.org/@angular/platform-browser/-/platform-browser-21.2.17.tgz",
      "overridden": false
    },
    "@angular/router": {
      "version": "21.2.17",
      "resolved": "https://registry.npmjs.org/@angular/router/-/router-21.2.17.tgz",
      "overridden": false
    },
    "@babel/core": {
      "version": "7.29.6",
      "resolved": "https://registry.npmjs.org/@babel/core/-/core-7.29.6.tgz",
      "overridden": false
    },
    "@babel/preset-env": {
      "version": "7.29.2",
      "resolved": "https://registry.npmjs.org/@babel/preset-env/-/preset-env-7.29.2.tgz",
      "overridden": false
    },
    "@bitwarden/admin-console": {
      "version": "0.0.0",
      "resolved": "file:../../libs/admin-console",
      "overridden": false
    },
    "@bitwarden/angular": {
      "version": "0.0.0",
      "resolved": "file:../../libs/angular",
      "overridden": false
    },
    "@bitwarden/assets": {
      "version": "0.0.1",
      "resolved": "file:../../libs/assets",
      "overridden": false
    },
    "@bitwarden/auth": {
      "version": "0.0.0",
      "resolved": "file:../../libs/auth",
      "overridden": false
    },
    "@bitwarden/auto-confirm": {
      "version": "0.0.1",
      "resolved": "file:../../libs/auto-confirm",
      "overridden": false
    },
    "@bitwarden/automation-driver": {
      "version": "0.0.1",
      "resolved": "file:../../libs/automation-driver",
      "overridden": false
    },
    "@bitwarden/billing": {
      "version": "0.0.0",
      "resolved": "file:../../libs/billing",
      "overridden": false
    },
    "@bitwarden/browser": {
      "version": "2026.8.0",
      "resolved": "file:../../apps/browser",
      "overridden": false
    },
    "@bitwarden/cli": {
      "version": "2026.8.0",
      "resolved": "file:../../apps/cli",
      "overridden": false,
      "dependencies": {
        "@koa/multer": {
          "version": "4.0.0"
        },
        "@koa/router": {
          "version": "15.7.0"
        },
        "big-integer": {
          "version": "1.6.52"
        },
        "browser-hrtime": {
          "version": "1.1.8",
          "resolved": "https://registry.npmjs.org/browser-hrtime/-/browser-hrtime-1.1.8.tgz",
          "overridden": false
        },
        "chalk": {
          "version": "4.1.2"
        },
        "commander": {
          "version": "14.0.0"
        },
        "core-js": {
          "version": "3.50.0"
        },
        "form-data": {
          "version": "4.0.6"
        },
        "https-proxy-agent": {
          "version": "9.1.0"
        },
        "inquirer": {
          "version": "8.2.6"
        },
        "jsdom": {
          "version": "26.1.0"
        },
        "jszip": {
          "version": "3.10.1"
        },
        "koa-bodyparser": {
          "version": "4.4.1"
        },
        "koa-json": {
          "version": "2.0.2"
        },
        "koa": {
          "version": "3.1.2"
        },
        "lowdb": {
          "version": "1.0.0"
        },
        "lunr": {
          "version": "2.3.9"
        },
        "multer": {
          "version": "2.2.0"
        },
        "node-fetch": {
          "version": "2.7.0"
        },
        "node-forge": {
          "version": "1.4.0"
        },
        "open": {
          "version": "8.4.2"
        },
        "papaparse": {
          "version": "5.5.3"
        },
        "proper-lockfile": {
          "version": "4.1.2"
        },
        "rxjs": {
          "version": "7.8.1"
        },
        "semver": {
          "version": "7.7.3"
        },
        "tldts": {
          "version": "7.4.2"
        },
        "zxcvbn": {
          "version": "4.4.2"
        }
      }
    },
    "@bitwarden/client-type": {
      "version": "0.0.1",
      "resolved": "file:../../libs/client-type",
      "overridden": false
    },
    "@bitwarden/commercial-sdk-internal": {
      "version": "0.2.0-main.1001",
      "resolved": "https://registry.npmjs.org/@bitwarden/commercial-sdk-internal/-/commercial-sdk-internal-0.2.0-main.1001.tgz",
      "overridden": false
    },
    "@bitwarden/common": {
      "version": "0.0.0",
      "resolved": "file:../../libs/common",
      "overridden": false
    },
    "@bitwarden/components": {
      "version": "0.0.0",
      "resolved": "file:../../libs/components",
      "overridden": false
    },
    "@bitwarden/core-test-utils": {
      "version": "0.0.1",
      "resolved": "file:../../libs/core-test-utils",
      "overridden": false
    },
    "@bitwarden/desktop-napi": {
      "version": "0.1.0",
      "resolved": "file:../../apps/desktop/desktop_native/napi",
      "overridden": false,
      "dependencies": {
        "@napi-rs/cli": {
          "version": "3.7.2",
          "resolved": "https://registry.npmjs.org/@napi-rs/cli/-/cli-3.7.2.tgz",
          "overridden": false
        }
      }
    },
    "@bitwarden/desktop": {
      "version": "2026.8.1",
      "resolved": "file:../../apps/desktop",
      "overridden": false,
      "dependencies": {
        "@bitwarden/desktop-napi": {
          "version": "0.1.0"
        }
      }
    },
    "@bitwarden/dirt-card": {
      "version": "0.0.0",
      "resolved": "file:../../libs/dirt/card",
      "overridden": false
    },
    "@bitwarden/generator-components": {
      "version": "0.0.0",
      "resolved": "file:../../libs/tools/generator/components",
      "overridden": false
    },
    "@bitwarden/generator-core": {
      "version": "0.0.0",
      "resolved": "file:../../libs/tools/generator/core",
      "overridden": false
    },
    "@bitwarden/generator-history": {
      "version": "0.0.0",
      "resolved": "file:../../libs/tools/generator/extensions/history",
      "overridden": false
    },
    "@bitwarden/generator-legacy": {
      "version": "0.0.0",
      "resolved": "file:../../libs/tools/generator/extensions/legacy",
      "overridden": false
    },
    "@bitwarden/generator-navigation": {
      "version": "0.0.0",
      "resolved": "file:../../libs/tools/generator/extensions/navigation",
      "overridden": false
    },
    "@bitwarden/guid": {
      "version": "0.0.1",
      "resolved": "file:../../libs/guid",
      "overridden": false
    },
    "@bitwarden/importer": {
      "version": "0.0.0",
      "resolved": "file:../../libs/importer",
      "overridden": false
    },
    "@bitwarden/key-management-ui": {
      "version": "0.0.0",
      "resolved": "file:../../libs/key-management-ui",
      "overridden": false
    },
    "@bitwarden/key-management": {
      "version": "0.0.0",
      "resolved": "file:../../libs/key-management",
      "overridden": false
    },
    "@bitwarden/legacy-crypto": {
      "version": "0.0.1",
      "resolved": "file:../../libs/legacy-crypto",
      "overridden": false
    },
    "@bitwarden/logging-angular": {
      "version": "0.0.1",
      "resolved": "file:../../libs/logging-angular",
      "overridden": false
    },
    "@bitwarden/logging": {
      "version": "0.0.1",
      "resolved": "file:../../libs/logging",
      "overridden": false
    },
    "@bitwarden/managed-settings": {
      "version": "0.0.1",
      "resolved": "file:../../libs/managed-settings",
      "overridden": false
    },
    "@bitwarden/messaging": {
      "version": "0.0.1",
      "resolved": "file:../../libs/messaging",
      "overridden": false
    },
    "@bitwarden/node": {
      "version": "0.0.0",
      "resolved": "file:../../libs/node",
      "overridden": false
    },
    "@bitwarden/nx-plugin": {
      "version": "0.0.1",
      "resolved": "file:../../libs/nx-plugin",
      "overridden": false
    },
    "@bitwarden/organization-invite-link": {
      "version": "0.0.1",
      "resolved": "file:../../libs/organization-invite-link",
      "overridden": false
    },
    "@bitwarden/pam": {
      "version": "0.0.1",
      "resolved": "file:../../libs/pam",
      "overridden": false
    },
    "@bitwarden/platform": {
      "version": "0.0.0",
      "resolved": "file:../../libs/platform",
      "overridden": false
    },
    "@bitwarden/pricing": {
      "version": "0.0.0",
      "resolved": "file:../../libs/pricing",
      "overridden": false
    },
    "@bitwarden/scheduling": {
      "version": "0.0.1",
      "resolved": "file:../../libs/scheduling",
      "overridden": false
    },
    "@bitwarden/sdk-internal": {
      "version": "0.2.0-main.1001",
      "resolved": "https://registry.npmjs.org/@bitwarden/sdk-internal/-/sdk-internal-0.2.0-main.1001.tgz",
      "overridden": false
    },
    "@bitwarden/send-ui": {
      "version": "0.0.0",
      "resolved": "file:../../libs/tools/send/send-ui",
      "overridden": false
    },
    "@bitwarden/serialization": {
      "version": "0.0.1",
      "resolved": "file:../../libs/serialization",
      "overridden": false
    },
    "@bitwarden/state-internal": {
      "version": "0.0.1",
      "resolved": "file:../../libs/state-internal",
      "overridden": false
    },
    "@bitwarden/state-test-utils": {
      "version": "0.0.1",
      "resolved": "file:../../libs/state-test-utils",
      "overridden": false
    },
    "@bitwarden/state": {
      "version": "0.0.1",
      "resolved": "file:../../libs/state",
      "overridden": false
    },
    "@bitwarden/storage-core": {
      "version": "0.0.1",
      "resolved": "file:../../libs/storage-core",
      "overridden": false
    },
    "@bitwarden/storage-test-utils": {
      "version": "0.0.1",
      "resolved": "file:../../libs/storage-test-utils",
      "overridden": false
    },
    "@bitwarden/storybook": {
      "version": "0.0.1",
      "resolved": "file:../../libs/storybook",
      "overridden": false
    },
    "@bitwarden/subscription": {
      "version": "0.0.1",
      "resolved": "file:../../libs/subscription",
      "overridden": false
    },
    "@bitwarden/ui-common": {
      "version": "0.0.0",
      "resolved": "file:../../libs/ui/common",
      "overridden": false
    },
    "@bitwarden/unlock": {
      "version": "0.0.1",
      "resolved": "file:../../libs/unlock",
      "overridden": false
    },
    "@bitwarden/user-core": {
      "version": "0.0.0",
      "resolved": "file:../../libs/user-core",
      "overridden": false
    },
    "@bitwarden/user-crypto-management": {
      "version": "0.0.1",
      "resolved": "file:../../libs/user-crypto-management",
      "overridden": false
    },
    "@bitwarden/vault-export-core": {
      "version": "0.0.0",
      "resolved": "file:../../libs/tools/export-vault-core",
      "overridden": false
    },
    "@bitwarden/vault-export-ui": {
      "version": "0.0.0",
      "resolved": "file:../../libs/tools/export-vault-ui",
      "overridden": false
    },
    "@bitwarden/vault": {
      "version": "0.0.0",
      "resolved": "file:../../libs/vault",
      "overridden": false
    },
    "@bitwarden/web-vault": {
      "version": "2026.8.1",
      "resolved": "file:../../apps/web",
      "overridden": false
    },
    "@bufbuild/protobuf": {
      "version": "2.13.0",
      "resolved": "https://registry.npmjs.org/@bufbuild/protobuf/-/protobuf-2.13.0.tgz",
      "overridden": false
    },
    "@compodoc/compodoc": {
      "version": "1.2.1",
      "resolved": "https://registry.npmjs.org/@compodoc/compodoc/-/compodoc-1.2.1.tgz",
      "overridden": false
    },
    "@electron/fuses": {
      "version": "2.1.1",
      "resolved": "https://registry.npmjs.org/@electron/fuses/-/fuses-2.1.1.tgz",
      "overridden": false
    },
    "@electron/notarize": {
      "version": "3.1.1",
      "resolved": "https://registry.npmjs.org/@electron/notarize/-/notarize-3.1.1.tgz",
      "overridden": false
    },
    "@electron/rebuild": {
      "version": "4.0.4",
      "resolved": "https://registry.npmjs.org/@electron/rebuild/-/rebuild-4.0.4.tgz",
      "overridden": false
    },
    "@emotion/css": {
      "version": "11.13.5",
      "resolved": "https://registry.npmjs.org/@emotion/css/-/css-11.13.5.tgz",
      "overridden": false
    },
    "@eslint/compat": {
      "version": "2.0.5",
      "resolved": "https://registry.npmjs.org/@eslint/compat/-/compat-2.0.5.tgz",
      "overridden": false
    },
    "@koa/multer": {
      "version": "4.0.0",
      "resolved": "https://registry.npmjs.org/@koa/multer/-/multer-4.0.0.tgz",
      "overridden": false
    },
    "@koa/router": {
      "version": "15.7.0",
      "resolved": "https://registry.npmjs.org/@koa/router/-/router-15.7.0.tgz",
      "overridden": false
    },
    "@lit-labs/signals": {
      "version": "0.3.0",
      "resolved": "https://registry.npmjs.org/@lit-labs/signals/-/signals-0.3.0.tgz",
      "overridden": false
    },
    "@microsoft/signalr-protocol-msgpack": {
      "version": "10.0.0",
      "resolved": "https://registry.npmjs.org/@microsoft/signalr-protocol-msgpack/-/signalr-protocol-msgpack-10.0.0.tgz",
      "overridden": false
    },
    "@microsoft/signalr": {
      "version": "10.0.0",
      "resolved": "https://registry.npmjs.org/@microsoft/signalr/-/signalr-10.0.0.tgz",
      "overridden": false
    },
    "@ng-select/ng-select": {
      "version": "21.8.2",
      "resolved": "https://registry.npmjs.org/@ng-select/ng-select/-/ng-select-21.8.2.tgz",
      "overridden": false
    },
    "@ngtools/webpack": {
      "version": "21.2.9",
      "resolved": "https://registry.npmjs.org/@ngtools/webpack/-/webpack-21.2.9.tgz",
      "overridden": false
    },
    "@nx/devkit": {
      "version": "22.6.5",
      "resolved": "https://registry.npmjs.org/@nx/devkit/-/devkit-22.6.5.tgz",
      "overridden": false
    },
    "@nx/eslint": {
      "version": "22.6.5",
      "resolved": "https://registry.npmjs.org/@nx/eslint/-/eslint-22.6.5.tgz",
      "overridden": false
    },
    "@nx/jest": {
      "version": "22.6.5",
      "resolved": "https://registry.npmjs.org/@nx/jest/-/jest-22.6.5.tgz",
      "overridden": false
    },
    "@nx/js": {
      "version": "22.6.5",
      "resolved": "https://registry.npmjs.org/@nx/js/-/js-22.6.5.tgz",
      "overridden": false
    },
    "@nx/webpack": {
      "version": "22.6.5",
      "resolved": "https://registry.npmjs.org/@nx/webpack/-/webpack-22.6.5.tgz",
      "overridden": false
    },
    "@storybook/addon-a11y": {
      "version": "10.3.6",
      "resolved": "https://registry.npmjs.org/@storybook/addon-a11y/-/addon-a11y-10.3.6.tgz",
      "overridden": false,
      "invalid": "\"10.6.0-beta.0\" from the root project",
      "problems": [
        "invalid: @storybook/addon-a11y@10.3.6 /tmp/qa-10.6/bitwarden/node_modules/@storybook/addon-a11y"
      ]
    },
    "@storybook/addon-designs": {
      "version": "11.1.3",
      "resolved": "https://registry.npmjs.org/@storybook/addon-designs/-/addon-designs-11.1.3.tgz",
      "overridden": false,
      "invalid": "\"11.0.0-next.0\" from the root project",
      "problems": [
        "invalid: @storybook/addon-designs@11.1.3 /tmp/qa-10.6/bitwarden/node_modules/@storybook/addon-designs"
      ]
    },
    "@storybook/addon-docs": {
      "version": "10.3.6",
      "resolved": "https://registry.npmjs.org/@storybook/addon-docs/-/addon-docs-10.3.6.tgz",
      "overridden": false,
      "invalid": "\"10.6.0-beta.0\" from the root project",
      "problems": [
        "invalid: @storybook/addon-docs@10.3.6 /tmp/qa-10.6/bitwarden/node_modules/@storybook/addon-docs"
      ]
    },
    "@storybook/addon-links": {
      "version": "10.3.6",
      "resolved": "https://registry.npmjs.org/@storybook/addon-links/-/addon-links-10.3.6.tgz",
      "overridden": false,
      "invalid": "\"10.6.0-beta.0\" from the root project",
      "problems": [
        "invalid: @storybook/addon-links@10.3.6 /tmp/qa-10.6/bitwarden/node_modules/@storybook/addon-links"
      ]
    },
    "@storybook/addon-themes": {
      "version": "10.3.6",
      "resolved": "https://registry.npmjs.org/@storybook/addon-themes/-/addon-themes-10.3.6.tgz",
      "overridden": false,
      "invalid": "\"10.6.0-beta.0\" from the root project",
      "problems": [
        "invalid: @storybook/addon-themes@10.3.6 /tmp/qa-10.6/bitwarden/node_modules/@storybook/addon-themes"
      ]
    },
    "@storybook/angular": {
      "version": "10.3.6",
      "resolved": "https://registry.npmjs.org/@storybook/angular/-/angular-10.3.6.tgz",
      "overridden": false,
      "invalid": "\"10.6.0-beta.0\" from the root project",
      "problems": [
        "invalid: @storybook/angular@10.3.6 /tmp/qa-10.6/bitwarden/node_modules/@storybook/angular"
      ]
    },
    "@storybook/test-runner": {
      "version": "0.24.4",
      "resolved": "https://registry.npmjs.org/@storybook/test-runner/-/test-runner-0.24.4.tgz",
      "overridden": false,
      "invalid": "\"0.24.5-next.0\" from the root project",
      "problems": [
        "invalid: @storybook/test-runner@0.24.4 /tmp/qa-10.6/bitwarden/node_modules/@storybook/test-runner"
      ]
    },
    "@storybook/web-components-vite": {
      "version": "10.3.6",
      "resolved": "https://registry.npmjs.org/@storybook/web-components-vite/-/web-components-vite-10.3.6.tgz",
      "overridden": false,
      "invalid": "\"10.6.0-beta.0\" from the root project",
      "problems": [
        "invalid: @storybook/web-components-vite@10.3.6 /tmp/qa-10.6/bitwarden/node_modules/@storybook/web-components-vite"
      ]
    },
    "@tailwindcss/container-queries": {
      "version": "0.1.1",
      "resolved": "https://registry.npmjs.org/@tailwindcss/container-queries/-/container-queries-0.1.1.tgz",
      "overridden": false
    },
    "@types/chrome": {
      "version": "0.1.28",
      "resolved": "https://registry.npmjs.org/@types/chrome/-/chrome-0.1.28.tgz",
      "overridden": false
    },
    "@types/firefox-webext-browser": {
      "version": "143.0.0",
      "resolved": "https://registry.npmjs.org/@types/firefox-webext-browser/-/firefox-webext-browser-143.0.0.tgz",
      "overridden": false
    },
    "@types/inquirer": {
      "version": "8.2.10",
      "resolved": "https://registry.npmjs.org/@types/inquirer/-/inquirer-8.2.10.tgz",
      "overridden": false
    },
    "@types/jest": {
      "version": "30.0.0",
      "resolved": "https://registry.npmjs.org/@types/jest/-/jest-30.0.0.tgz",
      "overridden": false
    },
    "@types/jsdom": {
      "version": "28.0.1",
      "resolved": "https://registry.npmjs.org/@types/jsdom/-/jsdom-28.0.1.tgz",
      "overridden": false
    },
    "@types/koa__multer": {
      "version": "2.0.7",
      "resolved": "https://registry.npmjs.org/@types/koa__multer/-/koa__multer-2.0.7.tgz",
      "overridden": false
    },
    "@types/koa-bodyparser": {
      "version": "4.3.7",
      "resolved": "https://registry.npmjs.org/@types/koa-bodyparser/-/koa-bodyparser-4.3.7.tgz",
      "overridden": false
    },
    "@types/koa-json": {
      "version": "2.0.24",
      "resolved": "https://registry.npmjs.org/@types/koa-json/-/koa-json-2.0.24.tgz",
      "overridden": false
    },
    "@types/koa": {
      "version": "3.0.1",
      "resolved": "https://registry.npmjs.org/@types/koa/-/koa-3.0.1.tgz",
      "overridden": false
    },
    "@types/lowdb": {
      "version": "1.0.15",
      "resolved": "https://registry.npmjs.org/@types/lowdb/-/lowdb-1.0.15.tgz",
      "overridden": false
    },
    "@types/lunr": {
      "version": "2.3.7",
      "resolved": "https://registry.npmjs.org/@types/lunr/-/lunr-2.3.7.tgz",
      "overridden": false
    },
    "@types/node-fetch": {
      "version": "2.6.13",
      "resolved": "https://registry.npmjs.org/@types/node-fetch/-/node-fetch-2.6.13.tgz",
      "overridden": false
    },
    "@types/node-forge": {
      "version": "1.3.14",
      "resolved": "https://registry.npmjs.org/@types/node-forge/-/node-forge-1.3.14.tgz",
      "overridden": false
    },
    "@types/node": {
      "version": "22.20.1",
      "resolved": "https://registry.npmjs.org/@types/node/-/node-22.20.1.tgz",
      "overridden": false
    },
    "@types/papaparse": {
      "version": "5.5.2",
      "resolved": "https://registry.npmjs.org/@types/papaparse/-/papaparse-5.5.2.tgz",
      "overridden": false
    },
    "@types/proper-lockfile": {
      "version": "4.1.4",
      "resolved": "https://registry.npmjs.org/@types/proper-lockfile/-/proper-lockfile-4.1.4.tgz",
      "overridden": false
    },
    "@types/retry": {
      "version": "0.12.5",
      "resolved": "https://registry.npmjs.org/@types/retry/-/retry-0.12.5.tgz",
      "overridden": false
    },
    "@types/zxcvbn": {
      "version": "4.4.5",
      "resolved": "https://registry.npmjs.org/@types/zxcvbn/-/zxcvbn-4.4.5.tgz",
      "overridden": false
    },
    "@typescript-eslint/rule-tester": {
      "version": "8.59.1",
      "resolved": "https://registry.npmjs.org/@typescript-eslint/rule-tester/-/rule-tester-8.59.1.tgz",
      "overridden": false
    },
    "@typescript-eslint/utils": {
      "version": "8.59.1",
      "resolved": "https://registry.npmjs.org/@typescript-eslint/utils/-/utils-8.59.1.tgz",
      "overridden": false
    },
    "@webcomponents/custom-elements": {
      "version": "1.6.0",
      "resolved": "https://registry.npmjs.org/@webcomponents/custom-elements/-/custom-elements-1.6.0.tgz",
      "overridden": false
    },
    "@yao-pkg/pkg": {
      "version": "6.5.1",
      "resolved": "https://registry.npmjs.org/@yao-pkg/pkg/-/pkg-6.5.1.tgz",
      "overridden": false
    },
    "angular-eslint": {
      "version": "20.7.0",
      "resolved": "https://registry.npmjs.org/angular-eslint/-/angular-eslint-20.7.0.tgz",
      "overridden": false
    },
    "autoprefixer": {
      "version": "10.4.22",
      "resolved": "https://registry.npmjs.org/autoprefixer/-/autoprefixer-10.4.22.tgz",
      "overridden": false
    },
    "axe-playwright": {
      "version": "2.2.2",
      "resolved": "https://registry.npmjs.org/axe-playwright/-/axe-playwright-2.2.2.tgz",
      "overridden": false
    },
    "babel-loader": {
      "version": "10.1.1",
      "resolved": "https://registry.npmjs.org/babel-loader/-/babel-loader-10.1.1.tgz",
      "overridden": false
    },
    "base64-loader": {
      "version": "1.0.0",
      "resolved": "https://registry.npmjs.org/base64-loader/-/base64-loader-1.0.0.tgz",
      "overridden": false
    },
    "big-integer": {
      "version": "1.6.52",
      "resolved": "https://registry.npmjs.org/big-integer/-/big-integer-1.6.52.tgz",
      "overridden": false
    },
    "braintree-web-drop-in": {
      "version": "1.46.0",
      "resolved": "https://registry.npmjs.org/braintree-web-drop-in/-/braintree-web-drop-in-1.46.0.tgz",
      "overridden": false
    },
    "browserslist": {
      "version": "4.28.2",
      "resolved": "https://registry.npmjs.org/browserslist/-/browserslist-4.28.2.tgz",
      "overridden": false
    },
    "buffer": {
      "version": "6.0.3",
      "resolved": "https://registry.npmjs.org/buffer/-/buffer-6.0.3.tgz",
      "overridden": false
    },
    "bufferutil": {
      "version": "4.1.0",
      "resolved": "https://registry.npmjs.org/bufferutil/-/bufferutil-4.1.0.tgz",
      "overridden": false
    },
    "chalk": {
      "version": "4.1.2",
      "resolved": "https://registry.npmjs.org/chalk/-/chalk-4.1.2.tgz",
      "overridden": false
    },
    "chart.js": {
      "version": "4.5.1",
      "resolved": "https://registry.npmjs.org/chart.js/-/chart.js-4.5.1.tgz",
      "overridden": false
    },
    "chartjs-adapter-date-fns": {
      "version": "3.0.0",
      "resolved": "https://registry.npmjs.org/chartjs-adapter-date-fns/-/chartjs-adapter-date-fns-3.0.0.tgz",
      "overridden": false
    },
    "chromatic": {
      "version": "18.0.1",
      "resolved": "https://registry.npmjs.org/chromatic/-/chromatic-18.0.1.tgz",
      "overridden": false
    },
    "commander": {
      "version": "14.0.0",
      "resolved": "https://registry.npmjs.org/commander/-/commander-14.0.0.tgz",
      "overridden": false
    },
    "concurrently": {
      "version": "9.2.1",
      "resolved": "https://registry.npmjs.org/concurrently/-/concurrently-9.2.1.tgz",
      "overridden": false
    },
    "copy-webpack-plugin": {
      "version": "14.0.0",
      "resolved": "https://registry.npmjs.org/copy-webpack-plugin/-/copy-webpack-plugin-14.0.0.tgz",
      "overridden": false
    },
    "core-js": {
      "version": "3.50.0",
      "resolved": "https://registry.npmjs.org/core-js/-/core-js-3.50.0.tgz",
      "overridden": false
    },
    "cross-env": {
      "version": "10.1.0",
      "resolved": "https://registry.npmjs.org/cross-env/-/cross-env-10.1.0.tgz",
      "overridden": false
    },
    "css-loader": {
      "version": "7.1.4",
      "resolved": "https://registry.npmjs.org/css-loader/-/css-loader-7.1.4.tgz",
      "overridden": false
    },
    "electron-builder": {
      "version": "26.9.0",
      "resolved": "https://registry.npmjs.org/electron-builder/-/electron-builder-26.9.0.tgz",
      "overridden": false
    },
    "electron-log": {
      "version": "5.4.3",
      "resolved": "https://registry.npmjs.org/electron-log/-/electron-log-5.4.3.tgz",
      "overridden": false
    },
    "electron-reload": {
      "version": "2.0.0-alpha.1",
      "resolved": "https://registry.npmjs.org/electron-reload/-/electron-reload-2.0.0-alpha.1.tgz",
      "overridden": false
    },
    "electron-store": {
      "version": "11.0.2",
      "resolved": "https://registry.npmjs.org/electron-store/-/electron-store-11.0.2.tgz",
      "overridden": false
    },
    "electron-updater": {
      "version": "6.8.3",
      "resolved": "https://registry.npmjs.org/electron-updater/-/electron-updater-6.8.3.tgz",
      "overridden": false
    },
    "electron": {
      "version": "43.2.0",
      "resolved": "https://registry.npmjs.org/electron/-/electron-43.2.0.tgz",
      "overridden": false
    },
    "eslint-config-prettier": {
      "version": "10.1.8",
      "resolved": "https://registry.npmjs.org/eslint-config-prettier/-/eslint-config-prettier-10.1.8.tgz",
      "overridden": false
    },
    "eslint-import-resolver-typescript": {
      "version": "4.4.4",
      "resolved": "https://registry.npmjs.org/eslint-import-resolver-typescript/-/eslint-import-resolver-typescript-4.4.4.tgz",
      "overridden": false
    },
    "eslint-plugin-import": {
      "version": "2.32.0",
      "resolved": "https://registry.npmjs.org/eslint-plugin-import/-/eslint-plugin-import-2.32.0.tgz",
      "overridden": false
    },
    "eslint-plugin-jest": {
      "version": "29.15.2",
      "resolved": "https://registry.npmjs.org/eslint-plugin-jest/-/eslint-plugin-jest-29.15.2.tgz",
      "overridden": false
    },
    "eslint-plugin-rxjs-angular": {
      "version": "2.0.1",
      "resolved": "https://registry.npmjs.org/eslint-plugin-rxjs-angular/-/eslint-plugin-rxjs-angular-2.0.1.tgz",
      "overridden": false
    },
    "eslint-plugin-rxjs": {
      "version": "5.0.3",
      "resolved": "https://registry.npmjs.org/eslint-plugin-rxjs/-/eslint-plugin-rxjs-5.0.3.tgz",
      "overridden": false
    },
    "eslint-plugin-storybook": {
      "version": "10.3.6",
      "resolved": "https://registry.npmjs.org/eslint-plugin-storybook/-/eslint-plugin-storybook-10.3.6.tgz",
      "overridden": false,
      "invalid": "\"10.6.0-beta.0\" from the root project",
      "problems": [
        "invalid: eslint-plugin-storybook@10.3.6 /tmp/qa-10.6/bitwarden/node_modules/eslint-plugin-storybook"
      ]
    },
    "eslint-plugin-tailwindcss": {
      "version": "3.18.3",
      "resolved": "https://registry.npmjs.org/eslint-plugin-tailwindcss/-/eslint-plugin-tailwindcss-3.18.3.tgz",
      "overridden": false
    },
    "eslint": {
      "version": "9.39.4",
      "resolved": "https://registry.npmjs.org/eslint/-/eslint-9.39.4.tgz",
      "overridden": false
    },
    "fantasticon": {
      "version": "4.1.0",
      "resolved": "https://registry.npmjs.org/fantasticon/-/fantasticon-4.1.0.tgz",
      "overridden": false
    },
    "form-data": {
      "version": "4.0.6",
      "resolved": "https://registry.npmjs.org/form-data/-/form-data-4.0.6.tgz",
      "overridden": false
    },
    "html-loader": {
      "version": "5.1.0",
      "resolved": "https://registry.npmjs.org/html-loader/-/html-loader-5.1.0.tgz",
      "overridden": false
    },
    "html-webpack-injector": {
      "version": "1.1.4",
      "resolved": "https://registry.npmjs.org/html-webpack-injector/-/html-webpack-injector-1.1.4.tgz",
      "overridden": false
    },
    "html-webpack-plugin": {
      "version": "5.6.6",
      "resolved": "https://registry.npmjs.org/html-webpack-plugin/-/html-webpack-plugin-5.6.6.tgz",
      "overridden": false
    },
    "https-proxy-agent": {
      "version": "9.1.0",
      "resolved": "https://registry.npmjs.org/https-proxy-agent/-/https-proxy-agent-9.1.0.tgz",
      "overridden": false
    },
    "husky": {
      "version": "9.1.7",
      "resolved": "https://registry.npmjs.org/husky/-/husky-9.1.7.tgz",
      "overridden": false
    },
    "inquirer": {
      "version": "8.2.6",
      "resolved": "https://registry.npmjs.org/inquirer/-/inquirer-8.2.6.tgz",
      "overridden": false
    },
    "jest-diff": {
      "version": "30.3.0",
      "resolved": "https://registry.npmjs.org/jest-diff/-/jest-diff-30.3.0.tgz",
      "overridden": false
    },
    "jest-environment-jsdom": {
      "version": "29.7.0",
      "resolved": "https://registry.npmjs.org/jest-environment-jsdom/-/jest-environment-jsdom-29.7.0.tgz",
      "overridden": true
    },
    "jest-junit": {
      "version": "17.0.0",
      "resolved": "https://registry.npmjs.org/jest-junit/-/jest-junit-17.0.0.tgz",
      "overridden": false
    },
    "jest-mock-extended": {
      "version": "4.0.1",
      "resolved": "https://registry.npmjs.org/jest-mock-extended/-/jest-mock-extended-4.0.1.tgz",
      "overridden": false
    },
    "jest-preset-angular": {
      "version": "17.0.0",
      "resolved": "https://registry.npmjs.org/jest-preset-angular/-/jest-preset-angular-17.0.0.tgz",
      "overridden": false
    },
    "jest": {
      "version": "30.3.0",
      "resolved": "https://registry.npmjs.org/jest/-/jest-30.3.0.tgz",
      "overridden": false
    },
    "jsdom": {
      "version": "26.1.0",
      "resolved": "https://registry.npmjs.org/jsdom/-/jsdom-26.1.0.tgz",
      "overridden": false
    },
    "json5": {
      "version": "2.2.3",
      "resolved": "https://registry.npmjs.org/json5/-/json5-2.2.3.tgz",
      "overridden": false
    },
    "jszip": {
      "version": "3.10.1",
      "resolved": "https://registry.npmjs.org/jszip/-/jszip-3.10.1.tgz",
      "overridden": false
    },
    "koa-bodyparser": {
      "version": "4.4.1",
      "resolved": "https://registry.npmjs.org/koa-bodyparser/-/koa-bodyparser-4.4.1.tgz",
      "overridden": false
    },
    "koa-json": {
      "version": "2.0.2",
      "resolved": "https://registry.npmjs.org/koa-json/-/koa-json-2.0.2.tgz",
      "overridden": false
    },
    "koa": {
      "version": "3.1.2",
      "resolved": "https://registry.npmjs.org/koa/-/koa-3.1.2.tgz",
      "overridden": false
    },
    "lint-staged": {
      "version": "17.0.5",
      "resolved": "https://registry.npmjs.org/lint-staged/-/lint-staged-17.0.5.tgz",
      "overridden": false
    },
    "lit": {
      "version": "3.3.1",
      "resolved": "https://registry.npmjs.org/lit/-/lit-3.3.1.tgz",
      "overridden": false
    },
    "lowdb": {
      "version": "1.0.0",
      "resolved": "https://registry.npmjs.org/lowdb/-/lowdb-1.0.0.tgz",
      "overridden": false
    },
    "lunr": {
      "version": "2.3.9",
      "resolved": "https://registry.npmjs.org/lunr/-/lunr-2.3.9.tgz",
      "overridden": false
    },
    "mini-css-extract-plugin": {
      "version": "2.10.2",
      "resolved": "https://registry.npmjs.org/mini-css-extract-plugin/-/mini-css-extract-plugin-2.10.2.tgz",
      "overridden": false
    },
    "multer": {
      "version": "2.2.0",
      "resolved": "https://registry.npmjs.org/multer/-/multer-2.2.0.tgz",
      "overridden": false
    },
    "ngx-toastr": {
      "version": "19.1.0",
      "resolved": "https://registry.npmjs.org/ngx-toastr/-/ngx-toastr-19.1.0.tgz",
      "overridden": false
    },
    "node-fetch": {
      "version": "2.7.0",
      "resolved": "https://registry.npmjs.org/node-fetch/-/node-fetch-2.7.0.tgz",
      "overridden": false
    },
    "node-forge": {
      "version": "1.4.0",
      "resolved": "https://registry.npmjs.org/node-forge/-/node-forge-1.4.0.tgz",
      "overridden": false
    },
    "nx": {
      "version": "22.7.7",
      "resolved": "https://registry.npmjs.org/nx/-/nx-22.7.7.tgz",
      "overridden": false
    },
    "oauth4webapi": {
      "version": "3.8.6",
      "resolved": "https://registry.npmjs.org/oauth4webapi/-/oauth4webapi-3.8.6.tgz",
      "overridden": false
    },
    "open": {
      "version": "8.4.2",
      "resolved": "https://registry.npmjs.org/open/-/open-8.4.2.tgz",
      "overridden": false
    },
    "papaparse": {
      "version": "5.5.3",
      "resolved": "https://registry.npmjs.org/papaparse/-/papaparse-5.5.3.tgz",
      "overridden": false
    },
    "path-browserify": {
      "version": "1.0.1",
      "resolved": "https://registry.npmjs.org/path-browserify/-/path-browserify-1.0.1.tgz",
      "overridden": false
    },
    "postcss-loader": {
      "version": "8.2.1",
      "resolved": "https://registry.npmjs.org/postcss-loader/-/postcss-loader-8.2.1.tgz",
      "overridden": false
    },
    "postcss": {
      "version": "8.5.23",
      "resolved": "https://registry.npmjs.org/postcss/-/postcss-8.5.23.tgz",
      "overridden": false
    },
    "prettier-plugin-tailwindcss": {
      "version": "0.8.0",
      "resolved": "https://registry.npmjs.org/prettier-plugin-tailwindcss/-/prettier-plugin-tailwindcss-0.8.0.tgz",
      "overridden": false
    },
    "prettier": {
      "version": "3.9.5",
      "resolved": "https://registry.npmjs.org/prettier/-/prettier-3.9.5.tgz",
      "overridden": false
    },
    "process": {
      "version": "0.11.10",
      "resolved": "https://registry.npmjs.org/process/-/process-0.11.10.tgz",
      "overridden": false
    },
    "proper-lockfile": {
      "version": "4.1.2",
      "resolved": "https://registry.npmjs.org/proper-lockfile/-/proper-lockfile-4.1.2.tgz",
      "overridden": false
    },
    "qrcode-parser": {
      "version": "2.1.3",
      "resolved": "https://registry.npmjs.org/qrcode-parser/-/qrcode-parser-2.1.3.tgz",
      "overridden": false
    },
    "qrious": {
      "version": "4.0.2",
      "resolved": "https://registry.npmjs.org/qrious/-/qrious-4.0.2.tgz",
      "overridden": false
    },
    "remark-gfm": {
      "version": "4.0.1",
      "resolved": "https://registry.npmjs.org/remark-gfm/-/remark-gfm-4.0.1.tgz",
      "overridden": false
    },
    "rimraf": {
      "version": "6.1.2",
      "resolved": "https://registry.npmjs.org/rimraf/-/rimraf-6.1.2.tgz",
      "overridden": false
    },
    "rxjs": {
      "version": "7.8.1",
      "resolved": "https://registry.npmjs.org/rxjs/-/rxjs-7.8.1.tgz",
      "overridden": false
    },
    "sass-loader": {
      "version": "16.0.7",
      "resolved": "https://registry.npmjs.org/sass-loader/-/sass-loader-16.0.7.tgz",
      "overridden": false
    },
    "sass": {
      "version": "1.99.0",
      "resolved": "https://registry.npmjs.org/sass/-/sass-1.99.0.tgz",
      "overridden": false
    },
    "semver": {
      "version": "7.7.3",
      "resolved": "https://registry.npmjs.org/semver/-/semver-7.7.3.tgz",
      "overridden": false
    },
    "storybook": {
      "version": "10.3.6",
      "resolved": "https://registry.npmjs.org/storybook/-/storybook-10.3.6.tgz",
      "overridden": false,
      "invalid": "\"10.6.0-beta.0\" from the root project",
      "problems": [
        "invalid: storybook@10.3.6 /tmp/qa-10.6/bitwarden/node_modules/storybook"
      ]
    },
    "style-loader": {
      "version": "4.0.0",
      "resolved": "https://registry.npmjs.org/style-loader/-/style-loader-4.0.0.tgz",
      "overridden": false
    },
    "svgo": {
      "version": "4.0.1",
      "resolved": "https://registry.npmjs.org/svgo/-/svgo-4.0.1.tgz",
      "overridden": false
    },
    "tabbable": {
      "version": "6.4.0",
      "resolved": "https://registry.npmjs.org/tabbable/-/tabbable-6.4.0.tgz",
      "overridden": false
    },
    "tailwindcss": {
      "version": "3.4.18",
      "resolved": "https://registry.npmjs.org/tailwindcss/-/tailwindcss-3.4.18.tgz",
      "overridden": false
    },
    "tldts": {
      "version": "7.4.2",
      "resolved": "https://registry.npmjs.org/tldts/-/tldts-7.4.2.tgz",
      "overridden": false
    },
    "ts-jest": {
      "version": "29.4.9",
      "resolved": "https://registry.npmjs.org/ts-jest/-/ts-jest-29.4.9.tgz",
      "overridden": false
    },
    "ts-loader": {
      "version": "9.5.7",
      "resolved": "https://registry.npmjs.org/ts-loader/-/ts-loader-9.5.7.tgz",
      "overridden": false
    },
    "ts-node": {
      "version": "10.9.2",
      "resolved": "https://registry.npmjs.org/ts-node/-/ts-node-10.9.2.tgz",
      "overridden": false
    },
    "tsconfig-paths-webpack-plugin": {
      "version": "4.2.0",
      "resolved": "https://registry.npmjs.org/tsconfig-paths-webpack-plugin/-/tsconfig-paths-webpack-plugin-4.2.0.tgz",
      "overridden": false
    },
    "type-fest": {
      "version": "2.19.0",
      "resolved": "https://registry.npmjs.org/type-fest/-/type-fest-2.19.0.tgz",
      "overridden": false
    },
    "typescript-eslint": {
      "version": "8.59.1",
      "resolved": "https://registry.npmjs.org/typescript-eslint/-/typescript-eslint-8.59.1.tgz",
      "overridden": false
    },
    "typescript-strict-plugin": {
      "version": "2.4.4",
      "resolved": "https://registry.npmjs.org/typescript-strict-plugin/-/typescript-strict-plugin-2.4.4.tgz",
      "overridden": false
    },
    "typescript": {
      "version": "5.9.3",
      "resolved": "https://registry.npmjs.org/typescript/-/typescript-5.9.3.tgz",
      "overridden": false
    },
    "url": {
      "version": "0.11.4",
      "resolved": "https://registry.npmjs.org/url/-/url-0.11.4.tgz",
      "overridden": false
    },
    "utf-8-validate": {
      "version": "6.0.5",
      "resolved": "https://registry.npmjs.org/utf-8-validate/-/utf-8-validate-6.0.5.tgz",
      "overridden": false
    },
    "util": {
      "version": "0.12.5",
      "resolved": "https://registry.npmjs.org/util/-/util-0.12.5.tgz",
      "overridden": false
    },
    "vite-tsconfig-paths": {
      "version": "6.1.1",
      "resolved": "https://registry.npmjs.org/vite-tsconfig-paths/-/vite-tsconfig-paths-6.1.1.tgz",
      "overridden": false
    },
    "wait-on": {
      "version": "9.1.0",
      "resolved": "https://registry.npmjs.org/wait-on/-/wait-on-9.1.0.tgz",
      "overridden": false
    },
    "webpack-cli": {
      "version": "7.0.2",
      "resolved": "https://registry.npmjs.org/webpack-cli/-/webpack-cli-7.0.2.tgz",
      "overridden": false
    },
    "webpack-dev-server": {
      "version": "5.2.6",
      "resolved": "https://registry.npmjs.org/webpack-dev-server/-/webpack-dev-server-5.2.6.tgz",
      "overridden": false
    },
    "webpack-node-externals": {
      "version": "3.0.0",
      "resolved": "https://registry.npmjs.org/webpack-node-externals/-/webpack-node-externals-3.0.0.tgz",
      "overridden": false
    },
    "webpack": {
      "version": "5.106.2",
      "resolved": "https://registry.npmjs.org/webpack/-/webpack-5.106.2.tgz",
      "overridden": false
    },
    "zone.js": {
      "version": "0.15.1",
      "resolved": "https://registry.npmjs.org/zone.js/-/zone.js-0.15.1.tgz",
      "overridden": false
    },
    "zxcvbn": {
      "version": "4.4.2",
      "resolved": "https://registry.npmjs.org/zxcvbn/-/zxcvbn-4.4.2.tgz",
      "overridden": false
    }
  },
  "error": {
    "code": "ELSPROBLEMS",
    "summary": "invalid: @storybook/addon-a11y@10.3.6 /tmp/qa-10.6/bitwarden/node_modules/@storybook/addon-a11y\ninvalid: @storybook/addon-designs@11.1.3 /tmp/qa-10.6/bitwarden/node_modules/@storybook/addon-designs\ninvalid: @storybook/addon-docs@10.3.6 /tmp/qa-10.6/bitwarden/node_modules/@storybook/addon-docs\ninvalid: @storybook/addon-links@10.3.6 /tmp/qa-10.6/bitwarden/node_modules/@storybook/addon-links\ninvalid: @storybook/addon-themes@10.3.6 /tmp/qa-10.6/bitwarden/node_modules/@storybook/addon-themes\ninvalid: @storybook/angular@10.3.6 /tmp/qa-10.6/bitwarden/node_modules/@storybook/angular\ninvalid: @storybook/test-runner@0.24.4 /tmp/qa-10.6/bitwarden/node_modules/@storybook/test-runner\ninvalid: @storybook/web-components-vite@10.3.6 /tmp/qa-10.6/bitwarden/node_modules/@storybook/web-components-vite\ninvalid: eslint-plugin-storybook@10.3.6 /tmp/qa-10.6/bitwarden/node_modules/eslint-plugin-storybook\ninvalid: storybook@10.3.6 /tmp/qa-10.6/bitwarden/node_modules/storybook",
    "detail": ""
  }
}
[07:40:20.846] [DEBUG] No installations found for @angular/core
[07:40:20.846] [DEBUG] Using cached package.json for /tmp/qa-10.6/bitwarden/package.json...
[07:40:20.846] [DEBUG] Using cached package.json for /tmp/qa-10.6/bitwarden/libs/vault/package.json...
[07:40:20.846] [DEBUG] Using cached package.json for /tmp/qa-10.6/bitwarden/libs/tools/send/send-ui/package.json...
[07:40:20.846] [DEBUG] Using cached package.json for /tmp/qa-10.6/bitwarden/libs/subscription/package.json...
[07:40:20.846] [DEBUG] Using cached package.json for /tmp/qa-10.6/bitwarden/libs/storybook/package.json...
[07:40:20.846] [DEBUG] Using cached package.json for /tmp/qa-10.6/bitwarden/libs/pricing/package.json...
[07:40:20.846] [DEBUG] Using cached package.json for /tmp/qa-10.6/bitwarden/libs/dirt/card/package.json...
[07:40:20.846] [DEBUG] Using cached package.json for /tmp/qa-10.6/bitwarden/libs/components/package.json...
[07:40:20.846] [DEBUG] Using cached package.json for /tmp/qa-10.6/bitwarden/libs/auth/package.json...
[07:40:20.846] [DEBUG] Using cached package.json for /tmp/qa-10.6/bitwarden/libs/angular/package.json...
[07:40:20.846] [DEBUG] Using cached package.json for /tmp/qa-10.6/bitwarden/apps/web/package.json...
[07:40:20.846] [DEBUG] Using cached package.json for /tmp/qa-10.6/bitwarden/apps/browser/package.json...
[07:40:20.848] [DEBUG] Checking fix angular-vite-remove-compodoc for project /.storybook...
[07:40:20.848] [DEBUG] Checking fix react-vite-to-tanstack-react for project /.storybook...
[07:40:20.848] [DEBUG] Using cached package.json for /tmp/qa-10.6/bitwarden/package.json...
[07:40:20.848] [DEBUG] Using cached package.json for /tmp/qa-10.6/bitwarden/libs/vault/package.json...
[07:40:20.848] [DEBUG] Using cached package.json for /tmp/qa-10.6/bitwarden/libs/tools/send/send-ui/package.json...
[07:40:20.848] [DEBUG] Using cached package.json for /tmp/qa-10.6/bitwarden/libs/subscription/package.json...
[07:40:20.848] [DEBUG] Using cached package.json for /tmp/qa-10.6/bitwarden/libs/storybook/package.json...
[07:40:20.848] [DEBUG] Using cached package.json for /tmp/qa-10.6/bitwarden/libs/pricing/package.json...
[07:40:20.848] [DEBUG] Using cached package.json for /tmp/qa-10.6/bitwarden/libs/dirt/card/package.json...
[07:40:20.848] [DEBUG] Using cached package.json for /tmp/qa-10.6/bitwarden/libs/components/package.json...
[07:40:20.848] [DEBUG] Using cached package.json for /tmp/qa-10.6/bitwarden/libs/auth/package.json...
[07:40:20.848] [DEBUG] Using cached package.json for /tmp/qa-10.6/bitwarden/libs/angular/package.json...
[07:40:20.848] [DEBUG] Using cached package.json for /tmp/qa-10.6/bitwarden/apps/web/package.json...
[07:40:20.848] [DEBUG] Using cached package.json for /tmp/qa-10.6/bitwarden/apps/browser/package.json...
[07:40:20.848] [DEBUG] Checking fix remove-addon-interactions for project /.storybook...
[07:40:20.848] [DEBUG] Using cached package.json for /tmp/qa-10.6/bitwarden/package.json...
[07:40:20.848] [DEBUG] Using cached package.json for /tmp/qa-10.6/bitwarden/libs/vault/package.json...
[07:40:20.848] [DEBUG] Using cached package.json for /tmp/qa-10.6/bitwarden/libs/tools/send/send-ui/package.json...
[07:40:20.848] [DEBUG] Using cached package.json for /tmp/qa-10.6/bitwarden/libs/subscription/package.json...
[07:40:20.848] [DEBUG] Using cached package.json for /tmp/qa-10.6/bitwarden/libs/storybook/package.json...
[07:40:20.848] [DEBUG] Using cached package.json for /tmp/qa-10.6/bitwarden/libs/pricing/package.json...
[07:40:20.848] [DEBUG] Using cached package.json for /tmp/qa-10.6/bitwarden/libs/dirt/card/package.json...
[07:40:20.848] [DEBUG] Using cached package.json for /tmp/qa-10.6/bitwarden/libs/components/package.json...
[07:40:20.848] [DEBUG] Using cached package.json for /tmp/qa-10.6/bitwarden/libs/auth/package.json...
[07:40:20.848] [DEBUG] Using cached package.json for /tmp/qa-10.6/bitwarden/libs/angular/package.json...
[07:40:20.848] [DEBUG] Using cached package.json for /tmp/qa-10.6/bitwarden/apps/web/package.json...
[07:40:20.848] [DEBUG] Using cached package.json for /tmp/qa-10.6/bitwarden/apps/browser/package.json...
[07:40:20.848] [DEBUG] Checking fix addon-mcp for project /.storybook...
[07:40:20.848] [DEBUG] Checking fix renderer-to-framework for project /.storybook...
[07:40:20.849] [DEBUG] Checking fix remove-essential-addons for project /.storybook...
[07:40:20.849] [DEBUG] Using cached package.json for /tmp/qa-10.6/bitwarden/package.json...
[07:40:20.849] [DEBUG] Using cached package.json for /tmp/qa-10.6/bitwarden/libs/vault/package.json...
[07:40:20.849] [DEBUG] Using cached package.json for /tmp/qa-10.6/bitwarden/libs/tools/send/send-ui/package.json...
[07:40:20.849] [DEBUG] Using cached package.json for /tmp/qa-10.6/bitwarden/libs/subscription/package.json...
[07:40:20.849] [DEBUG] Using cached package.json for /tmp/qa-10.6/bitwarden/libs/storybook/package.json...
[07:40:20.849] [DEBUG] Using cached package.json for /tmp/qa-10.6/bitwarden/libs/pricing/package.json...
[07:40:20.849] [DEBUG] Using cached package.json for /tmp/qa-10.6/bitwarden/libs/dirt/card/package.json...
[07:40:20.849] [DEBUG] Using cached package.json for /tmp/qa-10.6/bitwarden/libs/components/package.json...
[07:40:20.849] [DEBUG] Using cached package.json for /tmp/qa-10.6/bitwarden/libs/auth/package.json...
[07:40:20.849] [DEBUG] Using cached package.json for /tmp/qa-10.6/bitwarden/libs/angular/package.json...
[07:40:20.849] [DEBUG] Using cached package.json for /tmp/qa-10.6/bitwarden/apps/web/package.json...
[07:40:20.849] [DEBUG] Using cached package.json for /tmp/qa-10.6/bitwarden/apps/browser/package.json...
[07:40:20.849] [DEBUG] Checking fix addon-a11y-parameters for project /.storybook...
[07:40:20.849] [DEBUG] Checking fix remove-docs-autodocs for project /.storybook...
[07:40:20.856] [DEBUG] Checking fix wrap-getAbsolutePath for project /.storybook...
[07:40:20.860] [DEBUG] Checking fix fix-faux-esm-require for project /.storybook...
[07:40:20.860] [DEBUG] Checking fix storybookPackageNameConflict for project /.storybook...
[07:40:20.860] [DEBUG] Using cached package.json for /tmp/qa-10.6/bitwarden/package.json...
[07:40:20.860] [DEBUG] Checking fix enable-experimental-review for project /.storybook...
[07:40:20.861] [DEBUG] Checking fix enable-experimental-docgen-server for project /.storybook...
[07:40:20.861] [INFO] 
Automigrations detected:
[07:40:20.861] [INFO] ✔ angular-to-angular-vite
[07:40:20.862] [INFO] ✔ addon-mcp
[07:40:20.862] [INFO] ✔ enable-experimental-review
[07:40:20.862] [INFO] 3 automigration(s) detected
[07:40:20.862] [INFO] Running all detected automigrations:
[07:40:20.862] [INFO]   - addon-mcp (/.storybook)
[07:40:20.863] [INFO] Installing @storybook/addon-mcp to the latest version...
[07:40:20.863] [DEBUG] Getting Storybook info...
[07:40:20.868] [DEBUG] Getting stories paths...
[07:40:20.869] [DEBUG] Getting package manager...
[07:40:20.909] [DEBUG] Getting package.json info for /tmp/qa-10.6/bitwarden/package.json...
[07:40:20.909] [DEBUG] Getting Storybook version...
[07:40:20.909] [DEBUG] Detecting CSF factory usage...
[07:40:20.915] [INFO] Verifying @storybook/addon-mcp
[07:40:20.915] [DEBUG] Getting dependency version for storybook...
[07:40:20.915] [DEBUG] Using cached package.json for /tmp/qa-10.6/bitwarden/package.json...
[07:40:20.915] [DEBUG] Using cached package.json for /tmp/qa-10.6/bitwarden/libs/vault/package.json...
[07:40:20.915] [DEBUG] Using cached package.json for /tmp/qa-10.6/bitwarden/libs/tools/send/send-ui/package.json...
[07:40:20.915] [DEBUG] Using cached package.json for /tmp/qa-10.6/bitwarden/libs/subscription/package.json...
[07:40:20.915] [DEBUG] Using cached package.json for /tmp/qa-10.6/bitwarden/libs/storybook/package.json...
[07:40:20.915] [DEBUG] Using cached package.json for /tmp/qa-10.6/bitwarden/libs/pricing/package.json...
[07:40:20.915] [DEBUG] Using cached package.json for /tmp/qa-10.6/bitwarden/libs/dirt/card/package.json...
[07:40:20.915] [DEBUG] Using cached package.json for /tmp/qa-10.6/bitwarden/libs/components/package.json...
[07:40:20.915] [DEBUG] Using cached package.json for /tmp/qa-10.6/bitwarden/libs/auth/package.json...
[07:40:20.915] [DEBUG] Using cached package.json for /tmp/qa-10.6/bitwarden/libs/angular/package.json...
[07:40:20.915] [DEBUG] Using cached package.json for /tmp/qa-10.6/bitwarden/apps/web/package.json...
[07:40:20.915] [DEBUG] Using cached package.json for /tmp/qa-10.6/bitwarden/apps/browser/package.json...
[07:40:20.915] [INFO] Installing @storybook/addon-mcp@10.6.0-beta.0
[07:40:20.915] [DEBUG] Using cached package.json for /tmp/qa-10.6/bitwarden/package.json...
[07:40:20.916] [DEBUG] Using cached package.json for /tmp/qa-10.6/bitwarden/package.json...
[07:40:20.916] [INFO] Adding '@storybook/addon-mcp' to the "addons" field in /tmp/qa-10.6/bitwarden/.storybook/main.ts
[07:40:20.964] [INFO] ✔ addon-mcp
[07:40:20.964] [INFO] Completed automigrations for /.storybook
[07:40:20.964] [INFO] Installing dependencies...
[07:40:20.964] [INFO] Installing dependencies...
[07:40:20.964] [DEBUG] Executing command: npm install --force
[07:40:37.173] [INFO] Installing dependencies...: 
> @bitwarden/clients@0.0.0 prepare
> husky


[07:40:37.174] [INFO] Installing dependencies...: > @bitwarden/clients@0.0.
[07:40:37.380] [INFO] Installing dependencies...: 
added 30 packages, removed 2 packages, changed 21 packages, and audited 3035 packages in 16s

568 packages are looking for funding
  run `npm fund` for details

[07:40:37.380] [INFO] Installing dependencies...: added 30 packages, remove
[07:40:37.686] [INFO] Installing dependencies...: 
81 vulnerabilities (3 low, 26 moderate, 48 high, 4 critical)

To address issues that do not require attention, run:
  npm audit fix

To address all issues (including breaking changes), run:
  npm audit fix --force

Run `npm audit` for details.

[07:40:37.686] [INFO] Installing dependencies...: 81 vulnerabilities (3 low
[07:40:37.718] [INFO] Dependencies installed
[07:40:37.718] [INFO] Dependencies installed
[07:40:37.718] [WARN] Since you are in a monorepo, we advise you to deduplicate your dependencies. We can do this for you but it might take some time.
[07:40:37.719] [INFO] Deduplicating dependencies...
[07:40:37.719] [INFO] Deduplicating dependencies...
[07:40:37.719] [DEBUG] Executing command: npm dedupe --force
[07:42:44.270] [INFO] added 6 packages, removed 18 packages, changed 172 packages, and audited 3023 packages in 2m

569 packages are looking for funding
[07:42:44.270] [INFO] added 6 packages, removed 18 packages, changed 172 packages, and audited 3023 packages in 2m

569 packages are looking for funding
[07:42:44.271] [INFO] run `npm fund` for details
[07:42:44.271] [INFO] run `npm fund` for details
[07:42:44.524] [INFO] 78 vulnerabilities (3 low, 25 moderate, 46 high, 4 critical)

To address issues that do not require attention, run:
  npm audit fix

To address all issues (including breaking changes), run:
  npm audit fix --force

Run `npm audit` for details.
[07:42:44.524] [INFO] 78 vulnerabilities (3 low, 25 moderate, 46 high, 4 critical)

To address issues that do not require attention, run:
  npm audit fix

To address all issues (including breaking changes), run:
  npm audit fix --force

Run `npm audit` for details.
[07:42:44.556] [INFO] Dependencies deduplicated
[07:42:44.556] [INFO] Dependencies deduplicated
[07:42:44.556] [INFO] Checking the health of your project(s)..
[07:42:44.557] [DEBUG] Using cached package.json for /tmp/qa-10.6/bitwarden/package.json...
[07:42:44.557] [DEBUG] Using cached package.json for /tmp/qa-10.6/bitwarden/libs/vault/package.json...
[07:42:44.557] [DEBUG] Using cached package.json for /tmp/qa-10.6/bitwarden/libs/tools/send/send-ui/package.json...
[07:42:44.557] [DEBUG] Using cached package.json for /tmp/qa-10.6/bitwarden/libs/subscription/package.json...
[07:42:44.557] [DEBUG] Using cached package.json for /tmp/qa-10.6/bitwarden/libs/storybook/package.json...
[07:42:44.557] [DEBUG] Using cached package.json for /tmp/qa-10.6/bitwarden/libs/pricing/package.json...
[07:42:44.557] [DEBUG] Using cached package.json for /tmp/qa-10.6/bitwarden/libs/dirt/card/package.json...
[07:42:44.557] [DEBUG] Using cached package.json for /tmp/qa-10.6/bitwarden/libs/components/package.json...
[07:42:44.557] [DEBUG] Using cached package.json for /tmp/qa-10.6/bitwarden/libs/auth/package.json...
[07:42:44.557] [DEBUG] Using cached package.json for /tmp/qa-10.6/bitwarden/libs/angular/package.json...
[07:42:44.557] [DEBUG] Using cached package.json for /tmp/qa-10.6/bitwarden/apps/web/package.json...
[07:42:44.557] [DEBUG] Using cached package.json for /tmp/qa-10.6/bitwarden/apps/browser/package.json...
[07:42:44.558] [DEBUG] Executing command: npm ls --json --depth=99
[07:42:46.068] [DEBUG] Executing command: npm ls --json --depth=0
[07:42:47.173] [WARN] /.storybook: 1 issue found
[07:42:47.173] [INFO] You are currently using Storybook 10.6.0-beta.0 but you have packages which are incompatible with it:

- @storybook/addon-designs@11.0.0-next.0 which depends on ^10.0.0 || ^10.0.0-0
 Repo: https://github.com/storybookjs/addon-designs

Please consider updating your packages or contacting the maintainers for compatibility details.

For more details on compatibility guidance, see:
https://github.com/storybookjs/storybook/issues/32836
[07:42:47.174] [INFO] Storybook doctor is complete!
[07:42:47.174] [INFO] You can always recheck the health of your project(s) by running:
npx storybook doctor
[07:42:47.175] [INFO] Your project(s) have been upgraded successfully, but some issues were found which need your attention, please check Storybook doctor logs above.
[07:42:47.175] [INFO] If you want to learn more about the automigrations that executed in your project(s), please check the following links:
• ]8;;https://github.com/storybookjs/storybook/tree/next/code/addons/mcpaddon-mcp]8;;
[07:42:47.176] [INFO] For a full list of changes, please check our migration guide: https://storybook.js.org/docs/releases/migration-guide?ref=upgrade
[07:42:47.176] [INFO] Storybook upgrade completed!